Ceftriaxone,Tobramycin,Piperacillin-Tazobactam,Ciprofloxacin,Cotrimoxazole
6.232026e-05,0.00032872433,0.0017787175,0.0001576589,0.0030018173
0.00031256635,0.00023710004,0.0004343861,0.00015781292,0.0005375325
0.00097461377,0.0010531388,0.14383182,0.022373213,0.3888656
0.03418857,0.00054566894,0.0030420665,0.03228687,0.0021935855
0.012409857,0.0013441138,0.0018517167,0.0027239383,0.009271894
0.01058166,0.0011831693,0.0067417542,0.30788985,0.016068233
0.012740677,0.0031226345,0.0036457775,0.31040585,0.02297612
0.005992494,0.042154565,0.038433146,0.013468668,0.01181753
0.0015725417,0.031053057,0.0017015897,0.0011472333,0.0041056243
0.001723106,0.00023172575,0.00052511063,0.00050096295,0.000764782
0.98995274,0.32527477,0.90539974,0.8794862,0.81929225
0.0076583624,0.0033007779,0.0029677192,0.0063939863,0.010098877
0.0046423525,0.0012088382,0.00022638905,0.0042877416,0.0012688623
0.0007238497,0.00036694933,0.0038357892,0.008238248,0.0035436093
0.0030252177,0.00030929787,0.0011085528,0.0005832857,0.009496279
0.058829207,0.004196471,0.008564203,0.005518449,0.010255264
0.0023437443,0.0021229833,0.00056280487,0.012317657,0.01996817
0.00014690889,0.0017977991,0.0056367586,0.001734809,0.0026006051
0.04372277,0.0024377797,0.026403662,0.20423172,0.0070913867
0.0012455935,0.00059333054,0.0003824381,0.00023519344,0.0026318168
0.0010736996,0.00016787044,0.00058028195,0.004953466,0.0104487585
0.0047593922,0.005335889,0.00069119263,0.16002199,0.028362392
0.94622445,0.90441906,0.023506207,0.72134787,0.5918449
0.004853086,0.0006080832,0.0004806075,0.0041786805,0.009001519
0.625213,0.10467629,0.07191567,0.19627963,0.29834563
0.003032044,0.0015348245,0.0018852546,0.0012934931,0.024058614
0.0005860913,0.005028619,0.00044760763,0.005397456,0.0011005301
0.00044492268,0.0071004513,0.0041632303,0.0016952254,0.009596137
0.9193231,0.23612806,0.3888787,0.7755975,0.12576587
0.0028767185,0.008164856,0.019005092,0.009817606,0.0067271367
0.0017575031,0.0047048987,0.027258484,0.08416203,0.010305231
0.001197384,0.0010761393,0.01033792,0.02819199,0.049604636
0.00014852828,0.00024143643,0.0005541705,0.007206379,0.012487053
0.0075246985,0.001165872,0.056286894,0.0023146262,0.2653603
0.00060702494,0.00059253373,0.016262181,0.0129043,0.01313328
0.07515936,0.004614879,0.00033691683,0.010400194,0.3422342
6.2001876e-05,3.78238e-05,0.00029195123,0.00040241983,0.0030000384
0.0028414691,0.0074858223,0.002657909,0.08310832,0.0066887154
0.4361848,0.98384166,0.03840676,0.85915744,0.5853026
0.02740638,0.00049125595,0.001434133,0.0048091956,0.00073547225
0.006053802,0.00013093487,0.0022288011,0.022350507,0.0068740114
0.005505735,0.0021088517,0.0076429513,0.0015587439,0.008060645
0.0038963417,0.0013702882,0.00035037578,0.0073100133,0.024753435
0.0010275769,0.00927556,0.00035877217,0.003074459,0.0015926401
0.004312071,0.017298214,0.021365482,0.0033981362,0.001896819
0.0037897758,0.00012568939,0.0116186105,0.00253884,0.0027519986
0.034874167,0.00093004794,0.021894826,0.03571774,0.02186658
0.00093014765,0.0013809765,0.00035953813,0.001604229,0.0005384006
0.0035271721,0.01012663,0.00090209465,0.012502721,0.0022268794
0.0042737806,0.0137319835,0.00043406265,0.4230581,0.03214127
0.00045902948,0.0050910385,0.23871242,0.023753691,0.002886084
0.014747474,0.14426343,0.15764403,0.0028964696,0.0070001716
0.0007679512,0.0027578531,0.0013403337,0.012339174,0.0010368109
0.002399424,0.061045635,0.30692828,0.05765794,0.0077417926
0.004971575,0.0015178294,0.010315011,0.03549286,0.14161392
0.0043233414,0.0026374399,0.0062282304,0.004319523,0.018877912
0.0014681371,0.0017155168,0.0050735413,0.0072327983,0.0019404026
0.00090718054,0.0044788793,0.011392902,0.012915238,0.01234036
0.0019129389,0.0029137933,0.0015271265,0.014135858,0.016260672
0.00083748763,0.0085313255,0.009766024,0.016972162,0.0032614032
0.0026284957,0.0010522242,0.0016893332,0.019874722,0.0029621557
0.0047086272,0.00056003244,0.021530872,0.0017325999,0.003521052
0.9724224,0.0029272356,0.3692888,0.8641085,0.19334115
0.018476572,0.042003185,0.0033025416,0.004915779,0.11365369
0.0013054687,0.00029363923,0.0027399242,0.12587866,0.0025346158
0.00029013015,0.00023828348,0.0006787313,0.0020084258,0.007896888
0.005128598,0.0020540515,0.024299001,0.00092789804,0.014668305
0.00014661641,0.0025463195,0.0004348503,0.024745585,0.0019316007
0.0007461264,0.00019198006,0.002008703,0.0005632924,4.2514926e-05
0.0014797498,0.0012355644,9.5111325e-05,0.048462108,0.000550615
0.0459255,0.001086009,0.039414726,0.04730225,0.005390943
0.0010621884,0.00090449245,0.03290783,0.01629725,0.2069503
0.00023177832,0.001900798,0.0011632916,0.008126315,0.10113792
0.02553641,0.006718326,0.007652389,0.10540341,0.005082785
0.0069789905,0.0006475803,0.001840644,0.0038806312,0.005391582
0.0005359233,0.004219449,0.00056506076,0.00036081183,0.0026650424
0.013395943,0.00078652136,0.094804004,0.02564096,0.20074956
0.035817195,0.000863537,0.0023749152,0.1548573,0.02358622
0.0015834499,0.029982416,0.007660022,0.6092076,0.035626613
0.006683917,0.00450712,0.0022213832,0.0032618295,0.7157874
0.0034882277,0.038501773,0.00043300074,0.015577497,0.009691117
0.0014763979,0.0057450854,0.011222845,0.0070339385,0.000569027
0.019209359,0.0027512123,0.0011838496,0.0154948,0.006509482
0.00088988536,0.000986386,0.0010948584,0.00033299008,0.01833383
0.042088468,0.00018234106,0.0011822557,0.013663196,0.021626534
0.0023601435,0.002242455,0.0510624,0.3979165,0.13818653
0.011355347,0.0006774528,0.0005125893,0.0017169758,0.007639379
0.008543212,0.00016275316,0.0014144193,0.0030705757,0.25473645
0.005779778,0.034464624,0.0013645737,0.036752388,0.31158605
0.07688487,0.0054237605,0.007316272,0.15884364,0.27637562
0.99533147,0.15254125,0.2618803,0.013420715,0.11193137
0.005090512,0.00056979246,0.0016011823,0.01328124,0.01095272
0.004026232,0.0013492338,0.006970314,0.032956224,0.0020997638
0.024563346,0.0036823153,0.0005694532,0.004217941,0.007017897
0.0043648803,0.0061882786,0.00662976,0.0061027603,0.02679065
0.9398575,0.23913671,0.3477841,0.17950904,0.04175647
0.008172072,0.0029025339,0.08149664,0.0095652435,0.0055666957
0.015819855,0.00016175729,0.0002847614,0.02116904,0.04235161
0.0033661036,0.0039015107,0.0007023437,0.15463671,0.0025888816
0.00018170044,0.0008788971,0.0011523481,0.0016490434,0.0004768026
0.013170655,0.0007159028,0.0064227567,0.01401323,0.090736195
0.003915657,0.004631204,0.0012901366,0.003227851,0.008538944
0.008579529,0.0006387962,0.0016079955,0.0021742315,0.05693682
0.0002980039,0.0003170599,0.0020715126,0.00064589083,0.0025950058
0.00046957345,0.00079559645,0.000939823,0.0023688087,0.008294445
0.0029115607,0.0016988484,0.0044146506,0.031267878,0.010066405
0.000887489,0.00026014054,0.0006553802,0.002263815,0.0030976934
0.0009565017,0.003319063,0.0015242471,0.005920269,0.005825146
0.03446356,0.005915865,0.00071027124,0.0030584345,0.009250171
0.0071583134,0.00958634,0.018698659,0.06984474,0.0072137956
0.00045139025,0.0002911021,0.0011722266,0.06548442,0.0039525717
0.0006168725,0.011027099,0.02339811,0.010291167,0.0049440525
0.023709392,0.007016724,0.0015137619,0.0031662665,0.023046372
0.0004490025,0.00023954773,0.0010170246,0.003342162,0.0017686285
0.0025771826,0.00039297796,0.0021652633,0.0056033502,0.0016360765
0.0051543782,0.005648844,0.008416611,0.39305332,0.08726981
0.0003771301,0.0031466882,0.00087664794,0.00924216,0.013141483
0.00074507337,0.0003146029,0.0018073648,0.00018586547,0.013874324
0.008179705,0.009166998,0.00716458,0.1331331,0.04120259
0.0033269608,0.004989814,0.047666732,0.0021596907,0.0036029902
0.0024306192,0.00024887943,0.0022310545,0.008732463,0.0021963594
0.0003074595,0.0004781833,0.00093954004,0.017817995,0.0034225818
0.00039919943,0.00055265165,0.0046580494,0.0047281045,0.06064138
0.00024551526,0.00047116855,0.0132143,0.023851227,0.06908422
0.113809824,0.0031424402,0.07164795,0.023676146,0.002815526
0.86898893,0.032952245,0.046738748,0.60450876,0.42755097
0.005923809,0.010492303,0.010684681,0.0030942087,0.018991966
0.00036940802,0.0015892009,0.00052253477,0.0032893207,0.0047292486
0.0004546495,0.0016288698,0.018390225,0.015096914,0.009964195
0.0047100866,0.0028196136,0.0005495512,0.010245358,0.00636364
0.0024759173,0.0005180913,0.002639326,0.0032613224,0.0035027561
0.0020005172,0.008886155,0.0047733737,0.023258975,0.0013991072
0.00036620916,0.00064149004,0.003998443,0.006497371,0.0006423879
0.018700484,0.0007995276,0.0047082095,0.30041417,0.15451738
0.00046545037,0.0023871786,0.0039900015,0.001117575,0.03966889
0.0023635344,0.0029266858,0.03755799,0.004336988,0.0037300703
0.0036169738,0.06343057,0.015237736,0.0007768895,0.04697223
0.020851456,0.012419421,0.0048570186,0.0515958,0.015169105
0.036466956,0.058756895,0.092512645,0.02826437,0.40486827
0.009733558,0.00079725665,0.0010955522,0.07651663,0.036838695
0.0010134011,0.00034154535,0.0005161077,0.003233359,0.0020626544
0.0014619561,0.0018409202,0.0028584239,0.06793307,0.0036699537
0.0013906771,0.0033094045,0.02219695,0.007004107,0.0049593593
0.00018480959,0.00064834295,0.009430778,0.007938456,0.011985439
0.0069321617,0.0024333436,0.0057381904,0.003993088,0.00080158695
0.00016919443,0.0041425615,0.002794346,0.005661607,0.00033155447
0.00036819157,0.0016183093,0.0014393087,0.005977442,0.14083959
8.773134e-05,0.0008958341,0.00081659533,0.0009499445,0.0010533154
0.00079225074,0.0028961296,0.0023248177,0.004861808,0.05822227
0.00051715266,0.007380284,0.0035071345,0.0064640045,0.0011402316
0.0014143707,0.0002755898,0.002587648,0.0025811938,0.007706116
0.01802966,0.004324152,0.016534347,0.0027716416,0.100232854
0.002362491,0.006549834,0.00077150494,0.016859325,0.0076046926
0.0010903344,0.0007831014,0.0017984983,0.001320667,0.002879602
0.005099705,0.00093904336,0.0066062207,0.009324916,0.075842835
0.00032407913,0.0002955057,0.0006147616,0.009926328,0.0026685707
0.0020023745,0.000231796,0.00093878305,0.0007922654,0.003041095
0.0010768551,7.7240256e-05,0.0065654432,0.0011005165,0.0068560005
0.0006782926,0.0002921116,0.0005230832,0.0038343754,0.0062003196
0.0018704988,0.0066731903,0.003813735,0.00739727,0.004727404
0.0001909697,0.0018748295,0.0005464254,0.02473912,0.0062500727
0.00020222814,0.0014371948,0.0027776093,0.0018792375,0.020404397
0.103729784,0.0015063351,0.017246317,0.0014684848,0.0074005267
0.0012398219,0.004570054,0.00071234955,0.004183674,0.017541783
0.0009587096,0.005359296,0.0007282763,0.04824196,0.06732691
0.002634905,0.0012190801,0.015671575,0.0016696269,0.034414835
0.0343676,0.000796308,0.015172845,0.0059405537,0.02086078
0.0018038129,0.020728242,0.0026051074,0.00875762,0.0852639
0.0016362454,0.015898265,0.004029243,0.20467305,0.013573292
0.0071422686,0.0008183838,0.0057306946,0.01591683,0.056747735
0.25753608,0.002379973,0.02848093,0.0097898785,0.033342954
0.055599216,0.14791456,0.20397621,0.24135262,0.05881548
0.021449577,0.02518995,0.22855768,0.04444295,0.0587331
0.003012856,0.010431074,0.015770707,0.022919219,0.068094596
0.00020974125,0.00033588367,0.0015034304,0.0033265373,0.0029718534
0.00011856255,0.00042226125,0.004372102,0.011331535,0.0029258067
0.010088806,0.00042834503,0.002051795,0.020272337,0.42906132
0.01243247,0.0015372495,0.0041029034,0.006138924,0.85719585
0.011422021,0.00328888,0.017974677,0.0044112653,0.036312655
0.019090317,0.00053867855,0.0021800138,0.022976745,0.8864176
0.0010599444,0.008259036,0.012032549,0.015038645,0.016564414
0.0035587242,0.010701913,0.0026968827,0.010018541,0.33315063
0.08254975,0.001413583,0.005389782,0.034089558,0.3488341
0.03890189,0.007070039,0.0029354834,0.3399044,0.22565275
0.0011711156,0.00796733,0.00033081818,0.0028727711,0.006757857
0.0018575531,0.004475785,0.0020526308,0.021492282,0.0010269817
0.00022289126,0.00017949597,0.001421043,0.011272763,0.0029498711
0.9950858,0.37004662,0.47575775,0.7473807,0.56735754
0.32078752,0.07021696,0.14834386,0.10188915,0.6827067
0.0009461129,0.003685007,0.0020783432,0.019175127,0.0026762215
7.802921e-05,0.0005361489,0.0023245986,0.017463818,0.0019897646
0.0013557071,0.00011491321,0.0014188023,0.0018284468,0.0017031108
0.0021527512,0.00029502407,0.0033041195,0.121062994,0.004081548
0.0073986636,0.0004188831,0.0005376711,0.009732225,0.0063698087
0.98429954,0.947983,0.70934296,0.9570912,0.9476881
0.0010548935,9.093064e-05,0.0006328132,0.0061716232,0.0045596617
0.0025044624,0.0031717105,0.0001768559,0.024930393,0.0006613192
0.00029706047,0.00022080037,0.00068862445,0.00038769562,0.0048762346
0.026892949,0.00022323836,0.0016666561,0.10710119,0.0024741574
0.002948664,0.0042022974,0.018964272,0.014062199,0.6886751
0.00036289683,0.00022327752,0.00039342046,0.00077514537,0.0010914053
0.0018881515,0.00029947498,0.009909281,0.009560257,0.14112276
0.0002052743,0.0018490376,0.0003234075,0.0064569646,0.0035861284
0.016434774,0.0010064519,0.011144959,0.004843325,0.008106703
0.0075491876,0.0014460945,0.06627933,0.0031467886,0.0028148217
0.00038217075,0.00036753522,0.008406988,0.052192077,0.004747484
0.0018349366,0.003166193,0.013499693,0.012417504,0.015364628
0.011921131,0.0041936683,0.13589023,0.006592151,0.05401606
0.00056238554,0.002854826,0.0100269765,0.009508096,0.017781897
0.015164874,0.010282141,0.14829184,0.04983975,0.032299448
0.0035368726,0.0061330763,0.092099264,0.0046217395,0.003410386
0.0040591233,0.0047779926,0.03537997,0.0016890197,0.000870983
0.0043021627,0.00013903806,0.0021052572,0.0012038449,0.0038532123
0.0820069,0.0050220434,0.007398552,0.009982906,0.003955719
0.09723427,0.0012097775,0.00097389217,0.037127912,0.007790939
0.012077602,0.0001803749,0.007895573,0.0074129156,0.017050503
0.0030578955,0.0012701959,0.0025748694,0.1057219,0.009281706
0.024662906,0.00021238557,0.004321008,0.024721164,0.29968572
0.00037030768,0.0010717782,0.0011471885,0.0022207175,0.046846513
0.0049285823,0.00041136725,0.025643118,0.0007905117,0.8236995
0.032058954,0.07343229,0.007192113,0.0029708701,0.24147685
0.026882133,0.0034268785,0.004595207,0.0086264815,0.023632955
0.0010360843,0.0003058938,0.0015851628,0.0048285415,0.016261136
0.0003551106,0.00024329386,0.00022249228,0.00052850763,0.0022961798
0.009096046,0.006260969,0.009444914,0.07311507,0.032475084
0.015944907,0.0018952561,0.0007071842,0.00175549,0.035282
0.0023086853,0.0022121652,0.04034864,0.038654212,0.0044757123
0.00010228825,0.00052892964,0.00088454474,0.0005916883,0.00074280653
0.020505654,0.0077069877,0.0012314721,0.0036958966,0.0006865865
0.010979929,0.001535543,0.011664495,0.0053200116,0.23436606
0.00014083796,0.00040507808,0.0052802972,0.013192742,0.048764307
0.0027300047,0.00013818806,0.0010626059,0.0023388825,0.0039722132
0.014920046,0.0023671146,0.0014187612,0.008220692,0.004054261
0.0043501714,0.002568938,0.0015500926,0.042566683,0.014421526
0.09447138,0.0037501405,0.108185045,0.004573159,0.072309166
0.029675858,0.003942861,0.078416854,0.06218103,0.072566524
0.0013110852,0.0007537952,0.0046508745,0.08472309,0.00919012
0.029978877,0.0067704367,0.056698725,0.17804928,0.34546405
0.00059822475,0.0032763085,0.0045192516,0.0013665394,0.002929168
0.019154217,0.19529437,0.066670105,0.87184626,0.06155768
0.0011074751,6.8169844e-05,0.0006845565,0.0032296802,0.0030027393
0.046063278,0.0014240002,0.002138136,0.0067655197,0.008898136
0.021536866,0.0005944627,0.0028397618,0.042439103,0.05562546
0.001762947,0.020561775,0.036783688,0.027556287,0.11221871
0.0034067412,0.072102584,0.01588969,0.013132638,0.060249
0.0019660476,0.0006584602,0.0010861647,0.044346906,0.0025912344
0.0006536866,0.001665855,0.007840232,0.12830177,0.053104855
0.0004403384,0.00042972574,0.00078395556,0.09133045,0.017311165
8.239629e-05,0.0005645623,0.002522746,0.0012080612,0.03556999
0.010274875,0.0026692625,0.003396362,0.012745475,0.045564167
0.0007455926,0.0020402176,0.0005313015,0.04267886,0.0023029011
0.0114901215,0.001673729,0.036104463,0.008222508,0.008126115
0.0018879395,0.0026920792,0.0008362018,0.0016857225,0.035635754
0.0014644084,0.0082681915,0.0014182964,0.0132811405,0.0059708473
0.0016552757,0.019477565,0.012646235,0.15947723,0.010779441
0.0009070159,0.0005904315,0.0015316979,0.0015201096,0.014702888
0.13454968,0.0018256911,0.014482562,0.0034159315,0.07620895
0.047895014,0.015382499,0.15588538,0.27108896,0.02867183
0.0023597684,0.001120845,0.0026245746,0.027218914,0.0006094766
0.0004447516,0.0023163203,0.01863309,0.004239823,0.0028130463
0.0005495952,0.00064312667,0.0022947153,0.026567323,0.0022320705
0.00316157,0.006092695,0.010446112,0.062077668,0.0060714707
0.0019826528,0.003723896,0.0015351833,0.003062105,0.0064193527
0.015896207,0.109248266,0.07036102,0.26921394,0.19493265
0.030374952,0.008948394,0.12918742,0.19823185,0.01837057
0.017475663,0.010129589,0.0091284625,0.14968176,0.08134965
0.09249099,0.012084795,0.036141597,0.02411403,0.32205096
0.0068881144,0.000691246,0.007023322,0.0072725895,0.06277869
0.017094009,0.0029192164,0.0008679884,0.009983815,0.009548525
0.0028917457,0.00268853,0.12602334,0.0077064913,0.21630529
0.001283165,0.0008655586,0.003187581,0.018313356,0.00465946
0.001359305,0.0014543751,0.0010084454,0.007289519,0.0030481364
0.0005853229,0.0022416082,0.0035105925,0.0063455896,0.0065168967
0.0015056066,0.0023668422,0.009443847,0.010685251,0.0013807123
0.0017544959,0.00021822915,0.00041221787,0.017754035,0.03743233
0.0014150174,0.0002550028,0.0010107437,0.026827905,0.0011426912
0.0004398389,0.0007112697,0.003689395,0.5521189,0.004348086
0.0019568847,0.0010293969,0.00074350054,0.13608415,0.21368438
0.018123224,0.039242208,0.0024911263,0.017880213,0.034125958
0.008514853,0.032785136,0.07673424,0.7571536,0.2799771
0.00031591754,0.0002564014,0.000231627,0.00092149945,0.00051298103
0.22145922,0.02808285,0.0384651,0.24773408,0.1838002
0.00056112965,0.0021250602,0.0091065215,0.01099896,0.0262328
2.3426546e-05,0.00028838724,0.00040261648,0.0015842499,0.003836132
0.0009783584,0.0037902223,0.0065186163,0.020912994,0.13822986
0.0038522114,0.019545699,0.0031812554,0.004029074,0.8784742
0.0011689378,0.00045299463,0.0003289466,0.04151178,0.028614374
0.008531987,0.0018153916,0.014515191,0.038487185,0.024722682
0.059464335,0.027261753,0.003927794,0.016494818,0.01164274
0.00014283416,0.00043363625,0.0014448294,0.00021412443,0.07707481
0.0007061374,0.04654287,0.0103165535,0.15345944,0.0049209623
0.00019735016,0.001563624,0.0014082909,0.00088215614,0.002647612
0.0039886204,0.005160485,0.014566787,0.0044038077,0.003900293
0.09825897,0.00046378025,0.0006711656,0.012869126,0.0018772412
0.0100772595,0.0049576657,0.022559794,0.13525118,0.019386968
0.0012072036,0.00024292764,0.0060856333,0.0063243536,0.0032613287
0.008947611,0.0009522875,0.002232709,0.00081058004,0.0015855787
0.007935084,0.00031419436,0.019056939,0.009935439,0.018151283
0.0027291453,0.00013999456,0.0004043113,0.0015050304,0.009761828
0.003278765,0.0006458767,0.009106978,0.022148535,0.012595377
0.0013901255,0.0007408158,0.00075739366,0.0031605435,0.0019837155
0.014711346,0.0015710726,0.0048219333,0.5292248,0.18889765
0.0010553589,0.051098038,0.0015432775,0.009834549,0.18983513
0.00062170887,0.02051277,0.0017837697,0.0048262626,0.018389555
0.0044969325,0.0033242062,0.02474501,0.038290188,0.9297369
0.0015605898,0.0027779683,0.003395573,0.037876636,0.0027576606
0.19535597,0.004325374,0.00065698836,0.012916108,0.05258444
0.012455347,0.006844014,0.0044649555,0.013620822,0.14492235
0.0006075748,0.0002361948,0.001996253,0.003268066,0.00082578097
0.019209448,0.013718571,0.0013226344,0.0011902393,0.01859462
0.008097869,0.0021357283,0.001603096,0.01332343,0.015452943
0.011968195,0.004793738,0.029864421,0.020527778,0.1020176
0.7999251,0.06982639,0.089822315,0.42346415,0.20634569
0.14915125,0.08919503,0.0517917,0.0115552675,0.09394201
0.06942804,0.039698474,0.1479048,0.15078609,0.17493054
0.14892487,0.0068671657,0.044940595,0.08554232,0.10556311
0.74600685,0.007910775,0.09598862,0.25396904,0.055216797
0.0054210396,0.019736303,0.14284296,0.1512034,0.052760616
0.00095061446,0.0063335355,0.0019205303,0.01338883,0.014033259
0.0011918033,0.007451892,0.0015433355,0.0024326434,0.032423023
0.561725,0.0142750675,0.019200966,0.30901843,0.09542591
0.0029240781,0.012594273,0.0028186736,0.012441648,0.0103825405
0.0009032872,0.0077872127,0.0044561937,0.11422922,0.010661495
0.03363489,0.005795788,0.007714715,0.051058646,0.09527313
0.00283864,0.0036449027,0.0044553154,0.26309156,0.016924147
0.0021462762,0.0019006369,0.0054891133,0.032905746,0.013302667
0.0065588937,0.00085293275,0.0009674836,0.004502888,0.019522758
0.0020827488,6.738855e-05,0.0010076785,0.007466942,0.0012844867
0.098206274,0.1276406,0.008005099,0.08811061,0.017761713
0.00064925133,0.042836856,0.0032748498,0.13095228,0.05677137
0.049612254,0.029791556,0.06643272,0.01636504,0.05092528
0.9508652,0.07347557,0.058818646,0.8284395,0.17505358
0.0063542905,0.0064566103,0.042315237,0.02499805,0.0865974
0.0040579382,0.009750519,0.02309821,0.0014336598,0.22558802
0.0032963709,0.013935856,0.01663524,0.002551535,0.029471127
0.0012476465,0.0050618374,0.013631142,0.018888535,0.27769354
0.0008386784,0.002828359,0.002357105,0.0024443716,0.15851784
0.9870568,0.14375299,0.0668809,0.59399194,0.09587571
0.9384951,0.102654785,0.07054717,0.96658796,0.27142674
0.001124871,0.0011162828,0.008572333,0.03879867,0.027234972
0.00072039437,0.0019374036,0.0033589974,0.02287557,0.027354889
0.0013631678,0.0012344434,0.0015551131,0.010143704,0.023255514
0.00044588099,0.0005834386,0.0004021943,0.0018106428,0.004190923
0.0009234921,0.0017973653,0.003512862,0.032168195,0.0020678658
0.004908456,0.0010237601,0.0009992184,0.0057152696,0.0020660511
0.0018263889,0.33782402,0.021291548,0.14555849,0.30998376
0.0035514103,0.0036229556,0.04530414,0.012977855,0.41664612
0.004337515,0.00045763777,0.00018386537,0.0008276677,0.0047672456
0.0047306134,0.35385135,0.0041507133,0.0026695735,0.00411895
0.0041833185,0.0029409819,0.021146763,0.034140874,0.05372477
0.0005799814,0.0016171165,0.0010988887,0.004834927,0.002928104
0.00095165893,0.0008702239,0.00028545753,0.002064628,0.0033422445
0.034243718,0.016005076,0.0025112617,0.016494663,0.054144174
0.029858328,0.16884194,0.0042708595,0.031790897,0.082669586
0.0038092865,0.002344166,0.00040288677,0.010830968,0.010332243
0.014455989,0.0094164405,0.0021048656,0.0254668,0.03425755
0.0004382521,0.0027451238,0.0013186603,0.0011652436,0.009168024
0.0024472938,0.0008898815,0.00045414554,0.012625645,0.007733774
0.31707442,0.012402461,0.046612594,0.23556301,0.094361566
0.0024761742,0.03650853,0.086874194,0.030854344,0.03747732
0.008423797,0.043715574,0.030854445,0.038692098,0.025461575
0.028759189,0.013571179,0.00040109278,0.17361213,0.0014806081
0.5525054,0.0057802023,0.08808477,0.022807147,0.015979841
0.009335124,0.021266965,0.027075274,0.0066488367,0.23354436
0.0017114108,0.004055813,0.0022294652,0.0041652727,0.21918114
0.0007075449,0.0013417483,0.0004156338,0.0020812983,0.027156908
0.0031850396,0.037938807,0.01163608,0.0031340967,0.04826816
0.0036840301,0.005213145,0.013331224,0.055628985,0.43871665
0.003196027,0.014869396,0.002928838,0.009315133,0.06690864
0.0009496151,0.00015260557,0.010289851,0.02621411,0.013090317
0.009954114,0.0011301973,0.0008621969,0.04021241,0.023390831
0.037557237,0.002160332,0.0013658863,0.061548576,0.002143591
0.0012556183,0.043020982,0.001726838,0.0068324083,0.0016727136
0.002943813,0.009337951,0.012982418,0.0017818697,0.051396552
0.0014096488,0.010482758,0.0069971234,0.033181027,0.031035343
0.0023133317,0.0069972156,0.10352152,0.008668599,0.29038072
0.001199047,0.004449541,0.024502005,0.11704905,0.64070517
0.001041691,0.005314017,0.014944986,0.004683447,0.038139928
0.001352414,0.002552852,0.1314288,0.016820105,0.10388655
0.008845302,0.01627827,0.022318058,0.010461837,0.15276209
0.0032794725,0.0012809401,0.00267094,0.013248586,0.01798242
0.015772166,0.0015376946,0.0034287223,0.015946172,0.0936477
0.0036361753,0.003110395,0.004865055,0.011148544,0.026936041
0.0009142643,0.0061676037,0.00024931712,0.002359241,0.019462917
0.00037767735,0.002077562,0.0010349503,0.043860555,0.0055039623
0.0009032798,0.00082344335,0.0027705375,0.0032813405,0.010505321
0.00010623733,0.00023081944,0.00037093888,0.00016169343,0.004350021
0.0013878371,6.0453975e-05,0.0017147835,0.0003496132,0.0019195783
0.0018604652,0.0010606035,0.0021873887,0.06740005,0.001957585
0.0015393895,0.00091775105,0.005294991,0.0020711008,0.0075504133
0.004214121,0.0013450967,0.00021246089,0.011085927,0.0031571095
0.0034673242,0.010267323,0.0030577949,0.012161083,0.016329587
0.097978,0.030851813,0.02918404,0.024564352,0.039902408
0.009833259,0.0020139788,0.0015992724,0.07582608,0.041709222
0.009433121,0.0060430095,0.004278814,0.023924258,0.00953746
0.014458687,0.0075032837,0.001711102,0.10275186,0.021326454
0.0022163538,0.0023886145,0.013249584,0.031670112,0.005896019
0.0006439725,0.0029049474,0.00022522386,0.0417097,0.0007363608
0.011311189,0.0015625868,0.021934547,0.051678743,0.007918503
0.00158636,0.002094236,0.0072575402,0.005142845,0.014902927
0.0001659261,0.0006022987,0.006752431,0.00085444446,0.12487299
0.00082429353,0.0009773313,0.0030526156,0.06076797,0.008740161
0.12030699,0.008564827,0.014518445,0.031683233,0.18457696
0.0005231373,0.0020959757,0.00015161104,0.0034751082,0.003694522
0.005243978,0.006202359,0.0045645256,0.020794662,0.26381472
0.0016374665,0.0112908045,0.013922855,0.06309306,0.011690222
0.00067267584,0.013916421,0.000113772076,0.013697386,0.0031074702
0.0017872313,0.00097349787,0.009327009,0.0029850178,0.07286575
0.009068564,0.0006324283,0.0017868129,0.015056236,0.056929838
0.003920015,0.013245899,0.051645044,0.0030026839,0.1309371
0.0015180426,0.0016044269,0.0022891685,0.022941457,0.0010317896
0.0042561125,0.013346475,0.0075028115,0.06946795,0.025098205
0.0029402142,0.010688366,0.0019148245,0.024382439,0.016983503
0.004031706,0.00091854535,0.005144944,0.0040877727,0.0053266343
0.00548929,0.0012373485,0.0019041372,0.0071386173,0.00839506
0.17800917,0.013757509,0.7510687,0.00962258,0.009657165
0.005373534,0.0020161336,0.012834456,0.021227464,0.007768247
0.0046506976,0.00427289,0.0058341026,0.003387498,0.015279786
0.007517939,0.0027082982,0.009496651,0.029177448,0.020510811
0.00024070528,0.004987755,0.0014182748,0.0020826922,0.001777634
0.000121784935,0.0032636407,0.0003909244,0.0015922892,0.006380934
0.003271589,0.0075172842,0.0006808573,0.0022602226,0.018601054
0.1495825,0.034058828,0.13049272,0.2762378,0.032916144
0.0038388148,0.002353524,0.0048176954,0.014688305,0.0058330516
0.0021129376,0.005068982,0.0049787015,0.038164146,0.03608931
0.0016811489,0.016609285,0.033551764,0.018157713,0.12914675
0.0034664085,0.005305125,0.012876118,0.092649065,0.023595113
0.0012108035,0.011256266,0.009685206,0.003646148,0.0041464763
0.013031022,0.0012163579,0.0016092652,0.04050113,0.45571166
0.008501944,0.004489925,0.016571375,0.034566686,0.030985285
0.0010069952,0.004145592,0.002648923,0.029575432,0.025095318
0.00054431806,0.00018365966,0.0007325117,0.0021949199,0.0037097668
0.0003928486,0.0015448278,0.006621722,0.0052691284,0.009431517
0.01730762,0.004864649,0.015850091,0.0496821,0.028411975
0.0010651357,0.010462929,0.006802707,0.010256562,0.004098934
0.009675401,0.013888162,0.05361545,0.53522,0.01288776
0.0024588024,0.006542168,0.0056822095,0.008608416,0.0012611606
0.0032515873,0.014810198,0.0057169227,0.0023817704,0.0026456006
0.32932848,0.00200953,0.10615497,0.12927546,0.057434794
0.002457108,0.0020345845,0.0020038672,0.21370403,0.0118165715
0.0010525069,0.0006237057,0.0111417705,0.008544824,0.038650632
0.0006417062,0.00010975875,0.0006936841,0.0011123404,0.003258402
0.44924337,0.020440675,0.08838917,0.48811722,0.058445826
0.12380015,0.00091370475,0.15800755,0.009733033,0.0670742
0.040782414,0.0030746683,0.0035180752,0.0021276937,0.20284845
0.0071004783,0.006926262,0.007617316,0.031718597,0.008263564
0.010271084,0.00040653202,0.0003336399,0.016079117,0.0042953216
0.00059101393,0.00052737683,0.0009823008,0.0080371825,0.0021403898
0.0016583729,0.00036143253,0.0013134179,0.00132304,0.043164324
0.0011116931,0.000918653,0.0027334432,0.024813138,0.001716113
0.056265157,0.08558922,0.0024520282,0.10195073,0.073334515
0.0038395827,0.014556168,0.0037359935,0.011086115,0.08050988
0.0013295485,0.005047586,0.0023662534,0.026137728,0.0694052
0.001105723,0.0009343397,0.0012807412,0.0068691727,0.013679701
7.610284e-05,0.0041284123,0.05424305,0.025620427,0.1679837
0.0003713656,0.0015013146,0.0043726624,0.043086246,0.021124039
0.0007088728,0.05003781,0.0124222115,0.019908119,0.008077893
0.004312038,0.012986066,0.0027436088,0.023774909,0.01223112
0.010689733,0.0050191707,0.0045130798,0.0019445535,0.08032895
0.0022536598,0.006201469,0.0032383697,0.0025409611,0.08761176
0.000654222,0.0007466972,0.0011312169,0.0018758178,0.0015490052
0.0010058815,0.0006271621,0.016072268,0.008155277,0.008365361
0.013625186,0.012912436,0.015643965,0.20094931,0.07904898
0.00077038386,0.0014729607,0.0019047626,0.0019390816,0.0066909394
0.008992306,0.03766414,0.09422337,0.078791454,0.109222114
0.0036752897,0.0027617668,0.019016465,0.085110426,0.006216206
0.0009834775,0.009269064,0.0026042676,0.0030933763,0.014714788
0.00069885084,0.008595744,0.00049526134,0.002716007,0.00988874
0.0025816162,0.023944857,0.02923415,0.06284124,0.023464788
0.00010744747,0.0003606497,0.0007389844,0.0031098302,0.0012347231
0.0011922177,0.00058873533,0.0017960236,0.009122947,0.0067792605
0.0006204241,0.0002794304,0.00096642785,0.00093298976,0.00062682654
0.009337202,0.014074236,0.0041732774,0.025630027,0.0044159354
0.016213007,0.0037079258,0.008044899,0.009361067,0.14672732
0.0018240608,0.0008496301,0.00782391,0.019306185,0.009922562
0.019935811,0.06853268,0.0007480044,0.007019296,0.005626665
0.017077504,0.0036416177,0.0015007606,0.009767767,0.01033649
0.0024076826,0.0011382261,0.0058213114,0.19745247,0.03841959
0.0024058828,0.0052247285,0.0069282763,0.06885356,0.035993703
0.015488227,0.006575892,0.0014766938,0.0020653415,0.008364012
0.0014452257,0.0268793,0.00369662,0.0036493558,0.031304475
0.003673982,0.0050599165,0.0029415817,0.0013626199,0.001589259
0.0132882595,0.00872328,0.0026633397,0.018175732,0.008508981
0.0036676112,0.008642772,0.031943414,0.2553109,0.19464195
0.019128729,0.015575427,0.07895121,0.008293163,0.012529283
0.0012488437,0.008537147,0.0059667192,0.043525193,0.004728679
0.0013279046,9.365136e-05,0.0014700532,0.019833244,0.001932925
0.050193794,0.004110015,0.004650296,0.017801963,0.08798413
0.01853898,0.0124161355,0.0031006592,0.022205023,0.04893474
0.0030097065,0.0019450133,0.0004388399,0.006652759,0.13157795
0.0028585803,0.0016609122,0.0024021857,0.01607392,0.015875923
0.0018326751,0.0019699447,0.008601211,0.006159221,0.010327363
0.0063449224,0.0022522565,0.0006308874,0.031390462,0.0023117617
0.0030243509,0.0034513497,0.0051118955,0.0071052164,0.10929676
0.0015840598,0.0016672782,0.0023485862,0.0031837318,0.0061207274
0.008243579,0.041072093,0.0055202497,0.01412236,0.018088697
0.00073751144,0.006240857,0.006922865,0.02890034,0.001143918
0.063499615,0.008325753,0.030631842,0.10662249,0.019169923
0.0006920914,0.012592322,0.0017277366,0.0031546734,0.17470904
0.0056273025,0.0045758574,0.0031730342,0.05721839,0.040990066
0.0013700742,0.0032305631,0.014194588,0.026647255,0.016306875
0.000849342,0.0015691232,0.006583616,0.01719073,0.032147944
0.0041686622,0.0028864625,0.022159375,0.19442661,0.15435815
0.0038934075,0.023086742,0.0021708792,0.08386565,0.0074445563
0.001753306,0.008014871,0.019765481,0.0074206702,0.025631486
0.025044976,0.003344855,0.084259935,0.025891274,0.024527628
0.0077559766,0.007240314,0.010588887,0.013925598,0.012854111
0.0005483467,0.0017335444,0.012540651,0.00510824,0.013900803
0.0059804176,0.0024664728,0.0025701637,0.001617128,0.005017761
0.004601102,0.019745087,0.008308939,0.04765393,0.022255633
0.0019214867,0.024792125,0.006410208,0.10153913,0.0081640715
0.7319703,0.015905257,0.12251264,0.02342031,0.44393876
0.57462204,0.027474346,0.108551174,0.07632653,0.023459867
0.0024235027,0.0051136855,0.0046408945,0.0091878185,0.0058978894
0.00028753697,0.00067976094,0.00061889685,0.01747961,0.03784924
0.002343499,0.0030737796,0.003950207,0.0170098,0.018644791
0.0012704488,0.0038047347,0.07426588,0.0032600006,0.0481249
0.0029592137,0.005424808,0.001362136,0.0010995248,0.022173215
0.0008651529,0.015268247,0.0152649265,0.00038423896,0.028569723
0.0011476935,0.0065761977,0.009255268,0.005126462,0.03501262
0.0005461877,0.006809318,0.04971953,0.04297062,0.012213516
0.0010144743,0.008730528,0.0027612625,0.009657192,0.03368275
0.0047806846,0.002796817,0.0008223221,0.006353668,0.004995276
0.029427318,0.0055527757,0.0071097896,0.043759,0.017113842
0.049485885,0.0021754557,0.0034668169,0.10819374,0.018456645
0.010297671,0.008713114,0.003717883,0.0068807076,0.039840307
0.005460963,0.00011077066,0.0064472593,0.006830253,0.026347108
0.003981016,0.0047776457,0.0042111524,0.004581504,0.011718683
0.005749614,0.030482108,0.00089045067,0.014847598,0.060748853
0.008189917,0.015239744,0.002879606,0.04586946,0.03820095
0.0008372284,0.00088161917,0.0029817938,0.05039799,0.002520531
0.001780158,0.0033998939,0.009340215,0.0049585006,0.003045425
0.003762846,0.0031582247,0.07916992,0.036092486,0.0030801205
0.030997336,0.0032592863,0.0057323687,0.026236247,0.04149248
0.0010811208,0.00073557533,0.01569167,0.0008332017,0.002025179
0.0009850984,0.0034448875,0.0003886133,0.009552319,0.021506535
0.0006223667,0.0009247027,0.00038098946,0.023678733,0.00681296
0.002212361,0.0019474224,0.004530371,0.020183306,0.0069725425
0.030468887,0.0091903545,0.015119398,0.07705768,0.13589151
0.0033933064,0.0005456096,0.00086835533,0.031339113,0.049273744
0.0018102971,0.06002228,0.001105149,0.0026012484,0.0029944826
0.0048737987,0.00028470624,0.000597897,0.0049549188,0.009628726
0.0014243245,0.0003893616,0.0028648528,0.004820325,0.03739443
0.0026960005,0.028040169,0.0042005344,0.107319444,0.05493708
0.006277602,0.003383825,0.009095135,0.007842428,0.040800177
0.24120106,0.08315522,0.011721141,0.22764157,0.12117046
0.20965835,0.017194444,0.020949733,0.4384014,0.2032436
0.2813279,0.008699858,0.5355235,0.06051769,0.04421894
0.004649378,0.008851044,0.036478914,0.03306642,0.012459524
0.83346003,0.020601569,0.08863089,0.47070992,0.056026623
0.022203978,0.0012943397,0.026796754,0.00010107634,0.07079967
0.0017262026,0.0006477485,0.0006958403,0.012034897,0.0009256207
0.0052370103,0.0020614266,0.0006745864,0.021604717,0.001939962
0.0022744862,0.0042472277,0.003921471,0.010573217,0.001464619
0.00010778221,0.0006452488,0.00058264926,0.00019716621,0.0031005102
0.005979633,0.00205698,0.0041472204,0.0037145796,0.0014952623
0.00023308428,0.00019680391,0.004856401,0.002663246,0.013909309
0.0011958566,0.00080404605,0.00083392765,0.018743396,0.06165863
0.0012500868,0.002046456,0.0018259778,0.029100746,0.22539033
0.0046152794,0.0023732483,0.03711706,0.015543619,0.050206143
0.0030587632,0.003176508,0.056109168,0.0020318155,0.0061201444
0.00043454432,0.00618776,0.04285638,0.046317685,0.0010020799
0.0013847003,0.0033702669,0.049127083,0.014863467,0.027567983
0.0022783903,0.028371453,0.06406746,0.05256361,0.50236183
0.00024908475,0.0013017805,0.01776563,0.04177747,0.06763656
0.0027226056,0.0009894472,0.004763679,0.044291336,0.012435217
0.065582775,0.014392221,0.39814162,0.055249915,0.039117534
0.0006794255,0.019490026,0.008716484,0.05188275,0.031689614
0.0007412459,0.02750787,0.00066440675,0.11605355,0.07652595
0.0033515794,0.03961095,0.012771075,0.09889675,0.023315389
0.01234936,0.06485513,0.0004500965,0.06622435,0.04283103
0.0021951254,0.023639025,0.0018549381,0.0065470976,0.013478728
0.0047345734,0.010185515,0.0135843605,0.022975914,0.12764071
0.0043403953,0.027196646,0.0056621977,0.23724018,0.011306609
0.0065870755,0.006598449,0.015990574,0.07019179,0.042277813
0.0076904525,0.0010140854,0.011074181,0.06942487,0.044699233
0.92458254,0.012149951,0.083720244,0.21849121,0.0036922425
0.0016295167,0.0021544113,0.0030239325,0.12437455,0.0074842074
0.00044497658,0.0037333106,0.005571058,0.014347357,0.027740056
0.0017643033,0.003825841,0.0028575,0.009469101,0.0024036774
0.00063580147,0.009141224,0.0075650844,0.039805684,0.007333629
0.06893534,0.015541473,0.0149805,0.061093383,0.22634123
0.010092654,0.0008763837,0.00038816954,0.0024056036,0.0030626946
0.006668164,0.0024362865,0.0031257235,0.0023138686,0.009663661
0.001450762,0.00019528272,0.0054405136,0.003923923,0.007768225
0.0012384322,0.003362412,0.0017491248,0.019712824,0.07817182
0.00036341767,0.0005226284,0.00023181038,0.0015485613,0.0015457968
0.0003507611,0.01698265,0.013091235,0.029611766,0.0654434
0.0005198603,0.00080744934,0.0012154307,0.00018646492,0.0021687886
0.010784354,0.0016779077,0.027971016,0.055706628,0.14785522
0.00044775696,0.011353346,0.07299219,0.014251664,0.32416317
0.0035978977,0.026322495,0.006179692,0.018514343,0.05733588
0.007990114,0.0034077114,0.0024404852,0.004348939,0.33889592
0.0038325235,0.018761931,0.015147031,0.025468385,0.20070066
0.017615814,0.009991996,0.060557134,0.15834971,0.048775114
0.0012752254,0.0012938934,0.007052022,0.017014816,0.0022168516
0.005467594,0.033128425,0.001449952,0.079050474,0.051696166
0.0011207114,0.014476954,0.0010398424,0.0021904954,0.0036174243
0.0055396706,0.0029874907,0.001266752,0.0077536805,0.009546293
0.0011709795,0.0011082566,0.0042977305,0.00030667725,0.005082214
0.12177324,0.044508893,0.13555406,0.0051385993,0.011979697
0.002236861,0.0005833174,0.008761732,0.0040527903,0.008579594
0.0117290085,0.002160408,0.0052032582,0.008020002,0.0037950233
0.0020384912,0.0006842617,0.12265146,0.012410605,0.0031777222
0.00020473635,0.009633334,0.0034510694,0.007852043,0.018316811
0.0020259165,0.009670258,0.0010923462,0.0011290449,0.0067200535
0.0019159738,0.0042817304,0.0025633336,0.008984737,0.002662148
0.0016140161,0.0014455608,0.00048201464,0.0016765745,0.0037807026
0.0002594245,0.0003809333,0.0043395977,0.0049319416,0.20332631
0.019019835,0.008672976,0.0012659451,0.07155152,0.180419
0.01190247,0.0011949593,0.1459806,0.002562133,0.04644582
0.013191997,0.03053815,0.012135074,0.0039567226,0.03701861
0.0013129014,0.0012619171,0.00071748695,0.0062874053,0.025232237
0.037605572,0.0008835946,0.0004334358,0.026780166,0.009129079
0.09494581,0.0042501893,0.028478919,0.01038653,0.30161223
0.0034426276,0.0034547118,0.002642526,0.004027714,0.017046155
0.0023763166,0.001616035,0.00026526215,0.0053552105,0.0037700564
0.004231256,0.0003804456,0.0026684909,0.022021659,0.004718089
0.0020702307,0.012002583,0.002223258,0.006915218,0.00996102
0.00023975933,0.024718016,0.00022784596,0.002121631,0.0047636656
0.0026496751,0.0028185316,0.00012690526,0.01928849,0.031276885
0.009437195,0.0024298145,0.0008291186,0.033434592,0.008772211
0.0026317565,0.005670333,0.014288419,0.06303607,0.028099403
0.26059586,0.012387453,0.0065761134,0.11054972,0.12584181
0.002637543,0.002857754,0.006451993,0.0863758,0.006163361
0.004743412,0.0021959164,0.00061264046,0.017792428,0.0386313
0.9867339,0.014684953,0.519504,0.52133536,0.29631275
0.9821797,0.027481215,0.21952236,0.24300025,0.28974077
0.032159273,0.0021001967,0.03684488,0.009657721,0.8513921
0.98908573,0.1567943,0.33250397,0.07792517,0.7727429
0.0067741033,0.003265515,0.015735833,0.018161012,0.0245755
0.014748043,0.002876482,0.0043106237,0.0010448069,0.019696075
0.010634218,0.0019579225,0.0059337267,0.010384085,0.046014298
0.0091549605,0.22944552,0.0076588592,0.17213006,0.07904263
0.016350232,0.0009833926,0.00047085108,0.0033602477,0.051330727
0.00035627114,0.00025970093,0.0001970933,0.004896004,0.05357473
0.05217755,0.004700469,0.0099233305,0.06375199,0.005050506
0.0042349542,0.0049993945,0.0025147041,0.03506522,0.0043366114
0.0023071363,0.00031540383,0.0019991687,0.010209844,0.0036377164
0.00044434628,0.0075288876,0.00084872096,0.00063091714,0.0036412643
0.00069328625,0.03588556,0.002987156,0.011604546,0.005448505
0.0013359122,0.01731204,0.014479765,0.0045682597,0.007940187
0.00024332054,0.0049508554,0.0023924955,0.06696989,0.016033804
0.0010879273,0.0083056,0.0042245733,0.005177077,0.015896281
0.0142333,0.002581492,0.018491434,0.13461626,0.15743318
0.0014035745,0.00055030204,0.0013130939,0.0219921,0.019120406
0.004334049,0.009764018,0.015362312,0.008187193,0.008366089
0.008126861,0.00055621983,0.0010897503,0.01871322,0.007094345
0.00022081932,0.000117379815,0.0017088278,0.0038654178,0.0031045338
0.01273531,0.019555844,0.007812636,0.020032408,0.016202347
0.043498043,0.0038354686,0.014627644,0.02434004,0.0027676746
0.0013537549,0.0020059138,0.0032191945,0.026578855,0.0128705185
0.020176575,0.00834266,0.007756814,0.0045277136,0.0025974186
0.00044877353,0.0008617127,0.002476267,0.0033181908,0.017391514
0.0010687867,0.0017168557,0.002684027,0.002444174,0.007472414
0.0029166623,0.00038270542,0.0013416902,0.007522679,0.2377243
0.047864594,0.036382582,0.048842702,0.02734812,0.02673559
0.00071634434,0.00034056228,0.002311068,0.0022480087,0.0007619286
0.00064930425,0.017154481,0.007698106,0.0071957223,0.41804633
0.0073884,0.00303763,0.33790135,0.14698106,0.019974297
0.044686314,0.0016207311,0.03490454,0.25130558,0.43819916
0.0230571,0.009857258,0.047556598,0.05354145,0.027829906
0.007363929,0.0036467025,0.07105768,0.051801145,0.41906983
0.00045770258,0.0007958922,0.00014915019,0.003870696,0.0025376242
0.0004935589,0.0009411967,0.0047336295,0.011276058,0.026765933
0.11325307,0.003569147,0.0072848657,0.05713236,0.084119156
0.012260016,0.013155677,0.09646871,0.029135544,0.4432174
0.0022998443,0.0069404193,0.012269871,0.0041486938,0.016069848
0.0077363295,0.024882091,0.001211153,0.006831104,0.09735006
0.00035205847,0.008789525,0.0036798879,0.0055614845,0.021818215
0.0047220206,0.0035713997,0.025815964,0.017677687,0.011702916
0.015176387,0.024669409,0.015023976,0.006710153,0.0068049524
0.003519257,0.0007659811,0.0005496062,0.003414237,0.014321372
0.008614864,0.020353511,0.0016688075,0.032706253,0.0038763152
0.0011481664,0.0010798784,0.0051998855,0.037559066,0.0045208246
0.0003391181,0.02381612,0.0091662565,0.017544331,0.114044994
0.005238327,0.034521,0.00739978,0.028272152,0.06375154
0.00021878959,0.004734358,0.060169734,0.008277295,0.0022390585
0.006230208,0.0028502687,0.0065326113,0.005645042,0.010485163
0.0007857315,0.0008108349,0.0006132372,0.02324304,0.014942824
0.0010121115,0.0010439433,0.14498578,0.0010197515,0.0978065
0.026656855,0.0026316815,0.0073996508,0.03370871,0.012287226
0.003426092,0.18021473,0.0029589168,0.0026642429,0.017007185
0.0006360342,0.006391884,0.0012416792,0.0008934682,0.0013021624
0.009465332,0.0038362136,0.00027901802,0.04942661,0.03781597
0.0026020873,0.00040115032,0.0002886535,0.0037117256,0.0018804541
0.0030689556,0.008349116,0.00036201172,0.055897318,0.018417839
0.022255799,0.038091633,0.0015861962,0.029659577,0.0128841745
0.024631003,0.0126378415,0.0035273635,0.0073200758,0.007513582
0.0015440013,0.0048172977,0.0033466455,0.0032438922,0.0100199925
0.0005640596,0.0011166481,0.005057642,0.0171246,0.050765626
0.0012088657,0.0019469461,0.04352004,0.01975876,0.010574514
0.0035764768,0.0037183897,0.015522808,0.014728075,0.06877805
0.00089624134,0.0063135657,0.0042708456,0.09970154,0.0009131774
0.0008388382,0.009885711,0.002683829,0.0131096,0.0012838452
0.0019787955,0.0028627259,0.0013811232,0.118565224,0.013567841
0.0002189889,0.0005564247,0.0024632027,0.000965249,0.026739378
0.00029074098,0.003932201,0.000599914,0.0802882,0.0071277395
0.0005320082,0.0013374393,0.00030505419,0.0008728202,0.00017012171
0.0028454915,0.0030195294,0.0011876922,0.0008082088,0.005465437
0.00521525,0.0034077421,0.0007061172,0.007168142,0.041239846
0.00012404,0.0004855993,0.0014015797,0.0034709545,0.008294222
0.0004311754,0.005586223,0.004767277,0.0014493762,0.0051200506
0.95787394,0.290278,0.017379336,0.15336825,0.028745042
0.04964804,0.23868339,0.15929258,0.067558296,0.020481057
0.10953924,0.04012827,0.0043054326,0.057536997,0.1413919
0.06934335,0.0780545,0.028258877,0.05768345,0.02172677
0.012662315,0.028040603,0.009025912,0.023011634,0.010424918
0.0033124555,0.0072417264,0.0007500134,0.13904332,0.02501065
0.005268369,0.0032183607,0.0016971568,0.032496177,0.009331433
0.0012999078,0.0005614188,0.002498549,0.124813005,0.07364894
0.0050348258,0.010289277,0.006254194,0.0036230795,0.007335813
0.009879664,0.010844877,0.0003931211,0.11774754,0.0068573123
0.00095327554,0.0050633484,0.013593922,0.0069963573,0.18945496
0.0026324764,0.13475502,0.011058651,0.025941906,0.10815001
0.0003342725,0.0008945884,0.0005311964,0.019102193,0.003485696
0.0009970906,0.0011161865,0.00039227132,0.0029977004,0.003052211
0.0023150106,0.0060846093,0.0073705935,0.069719754,0.24487613
0.010548429,0.0003584324,0.003431818,0.0016951108,0.005755778
0.002160952,0.00066859653,0.00062628073,0.006030441,0.0066796415
0.0041007646,0.0011058648,0.0012457601,0.011129814,0.10099264
0.020249961,0.002181944,0.0068475287,0.12091345,0.0014044784
0.0017910899,0.01692555,0.002162536,0.0060911616,0.01761211
0.00046229194,0.0030826514,0.0008671894,0.0023692902,0.0059628035
0.5233307,0.018569749,0.36285073,0.037987363,0.027750893
0.49611923,0.046711843,0.11257471,0.13419934,0.027976356
0.9789428,0.7316805,0.11771031,0.76457214,0.47052857
0.003095911,0.004178528,0.0029988592,0.0055418536,0.008116536
0.00014409296,0.0033477466,0.0011638182,0.005103144,0.0013782871
0.0016461397,0.021198694,0.012897293,0.15463711,0.049287338
0.02107206,0.003520366,0.09652606,0.009522918,0.0021901587
0.00663188,0.0017016731,0.004170561,0.0059208754,0.006733368
0.0015549444,0.0009346036,0.0024259202,0.1393907,0.018438496
0.005283273,0.0065581664,0.00040170923,0.016859466,0.0032482801
0.002441075,0.001218971,0.0009699784,0.005526347,0.016888402
0.0032958977,0.041189898,0.002516633,0.022572225,0.07374428
0.014216758,0.032343585,0.00060998974,0.038161047,0.08212564
0.008740714,0.0056044078,0.0048346655,0.004478131,0.012047461
0.0028802399,0.0024752438,0.032041285,0.008417593,0.058159404
0.00060491776,0.0018302953,0.00049972767,0.09602046,0.0061501465
0.00084985397,0.0016490332,0.0026470593,0.020669093,0.013123988
0.0018422429,0.005242764,0.002129278,0.009929362,0.008090419
0.00019923499,0.002631266,0.00067972793,0.0011012439,0.0025685532
