Ciprofloxacin,Cotrimoxazole,Ceftriaxone,Amoxicillin-Clavulanic acid,Ampicillin-Amoxicillin
0.15679918,0.17882685,0.00041270032,0.014498257,0.3651955
0.3456742,0.096311286,0.0025219112,0.015895668,0.5774926
0.018433837,0.2038193,0.020792287,0.07476358,0.9864318
0.025569668,0.6614889,0.0017663208,0.06823245,0.5158295
0.0009815416,0.02802492,0.0034782952,0.004715777,0.12385057
0.34053212,0.43795013,0.018605292,0.17299616,0.8271962
0.018237868,0.24200188,0.02012948,0.00680309,0.8167269
0.99954396,0.3574854,0.9992842,0.0424494,0.99986005
0.2773016,0.79687893,0.024995912,0.033269186,0.81497097
0.00072500535,0.058894835,0.00042126756,0.032649796,0.1212887
0.003385847,0.005833381,0.00029362607,0.02096824,0.28344044
0.010171366,0.013064389,0.0022882659,0.019634057,0.6691107
0.7460656,0.023190178,0.04666737,0.026391516,0.9081979
0.00045904287,0.043918613,0.0009073997,0.021743469,0.47804946
0.010058804,0.00081935537,0.00049752044,0.009527276,0.17542627
0.0074041286,0.004157811,0.00046717125,0.15773578,0.080424294
0.9869083,0.030638989,0.96528137,0.5146332,0.8715723
0.9906114,0.55279475,0.8142425,0.0056674276,0.8730236
0.0006195941,0.009988091,0.000253322,0.0047880723,0.8355748
0.05543263,0.06586909,0.02320349,0.014841553,0.48281482
0.017513102,0.0408723,0.0026461317,0.0026475755,0.60980767
0.010150323,0.03396407,0.004383718,0.016686948,0.5782048
0.0050365604,0.08225413,0.015341833,0.0016473532,0.78238535
0.005707869,0.034942675,0.003125064,0.01082198,0.68539035
0.010499152,0.0058836895,0.00847538,0.004580006,0.4536881
0.9997415,0.29777333,0.9887671,0.29231328,0.9980976
0.9884184,0.23830904,0.9965327,0.327933,0.9983633
0.003232606,0.13459747,0.006685561,0.023793276,0.7769844
0.00064584584,0.015080856,4.2501146e-05,0.047897562,0.024943605
0.0002099065,0.0037196458,0.00028233675,0.00074377266,0.1591615
0.13213733,0.19055897,0.017307838,0.023017155,0.74478894
0.0011528208,0.04958781,0.0048294673,0.00080791925,0.13516112
0.80638933,0.8796795,0.17579491,0.012073534,0.98207194
0.98601854,0.054332502,0.007971454,0.28331572,0.97499675
0.00050147914,0.021508152,0.0009859998,0.019800376,0.29339948
0.3645335,0.12737842,0.1422007,0.17813335,0.8365845
0.85558647,0.5147045,0.026354564,0.071448885,0.9770876
0.15478493,0.120667614,0.013270135,0.030798407,0.82373524
0.35621193,0.004967932,0.0033098152,0.026194926,0.71041554
0.011005264,0.022607738,0.006501054,0.0007682578,0.21014039
0.013205816,0.004805792,0.0050710696,0.014658908,0.2200079
0.06903561,0.057877146,0.0010282153,0.028412988,0.14867972
0.0026494407,0.04544807,0.16005659,0.010550225,0.41305295
0.78840286,0.32531285,0.8258242,0.3042819,0.9963419
0.009821765,0.037477113,0.012663018,0.081817746,0.15243353
0.50399125,0.093636975,0.81346846,0.13253154,0.9826173
0.010063992,0.019005092,0.0050958665,0.26844078,0.6144078
0.8698143,0.010683295,0.5269375,0.2722486,0.9959884
0.0008747139,0.0037422387,0.0062273066,0.23252095,0.4841677
0.0106273135,0.07674558,0.006523272,0.50679857,0.7796432
0.024636166,0.08900835,0.00012978172,0.055814788,0.8112383
0.019453082,0.4684704,0.4095946,0.0059115873,0.7301056
0.4477884,0.6477199,0.3114631,0.20641044,0.93612796
0.34452766,0.13082325,0.035472527,0.023982374,0.8598152
0.531599,0.75262433,0.06968866,0.002214266,0.97562546
0.40336192,0.7673994,0.11252088,0.0023256151,0.9759681
0.32991803,0.048810523,0.3905308,0.01467433,0.5800538
0.0016235373,0.07060203,0.008436431,0.006826741,0.07178825
0.40870062,0.019761156,0.055176288,0.016958985,0.4087707
0.15253697,0.44535065,0.0036383558,0.037998386,0.8597736
0.02051528,0.33597356,0.003927447,0.035876572,0.9129884
0.07773699,0.4574156,0.07628134,0.76833063,0.97972244
0.9319168,0.4358483,0.0022037316,0.015494632,0.7926303
0.11024377,0.07703641,0.0017794246,0.0103513,0.6967492
0.12373737,0.11192396,0.010474141,0.033408213,0.72193956
0.24606206,0.05646884,0.0042865328,0.010404897,0.7905373
0.7650193,0.70478,0.41790688,0.011361468,0.99839133
0.0025375916,0.10550464,0.0006074425,0.0059457035,0.73608905
0.052344367,0.019230409,0.021866255,0.015632683,0.5633856
0.0071415175,0.025609815,0.003583313,0.12344096,0.35010132
0.0035883987,0.020369623,0.0012641479,0.008476462,0.2617694
0.0069907242,0.010051035,0.0018607465,0.3506672,0.8294077
0.91538477,0.06607852,0.11434045,0.023436302,0.8086664
0.86186695,0.32823917,0.9945846,0.048200466,0.9683754
0.05551489,0.029000832,0.0086929435,0.10691603,0.77975607
0.98848534,0.79988647,0.011247927,0.010275011,0.87774515
0.19083597,0.04502571,0.012189499,0.0070497654,0.85944825
0.0005550859,0.07075937,0.0010455616,0.013477908,0.20003332
0.01406493,0.051384,0.18727662,0.004417168,0.96178997
0.0072060726,0.08229113,0.14670658,0.0055228285,0.9570631
0.007912616,0.17167628,0.001269498,0.037706338,0.87485707
0.015567059,0.031324584,0.0129965525,0.022230579,0.50790775
0.054128624,0.29968643,0.014070618,0.09496249,0.96322644
0.23478903,0.743761,0.06477263,0.107606076,0.98252696
0.008763794,0.22658794,0.0016423966,0.0033745398,0.68992376
0.015786938,0.30043912,0.011085226,0.01440204,0.95596975
0.9999199,0.59787637,0.99985147,0.6249788,0.9997625
0.95403713,0.9523838,0.79176956,0.026131216,0.999466
0.24909681,0.5000206,0.9926081,0.17514263,0.9904197
0.999808,0.06718195,0.9980981,0.041036952,0.9989698
0.011528753,0.004063988,0.0017683466,0.015754284,0.7347429
0.0014985437,0.0021113046,0.00034689542,0.00036595718,0.19532478
0.40218216,0.8041865,0.0013375506,0.07903323,0.7382299
0.029125633,0.019520411,0.00014776307,0.0009965218,0.28413147
0.0010834659,0.026336163,0.0023735082,0.0043457006,0.10979719
0.05702744,0.61921,0.061296225,0.009946434,0.95326436
0.15734984,0.22139208,0.040308602,0.069934525,0.9796038
0.04762426,0.012883029,0.008786825,0.0041544107,0.86036265
0.012078488,0.06772566,0.020032013,0.005955141,0.5469789
0.13622753,0.01622458,0.03172277,0.010811246,0.7500007
0.067156,0.0047284635,0.037012804,0.0019392153,0.80015033
0.0011052613,0.016864635,0.0016814306,0.0037569678,0.42781633
0.0010397007,0.22931759,0.0015364329,0.0014771761,0.77003825
0.0053002355,0.6870378,0.00041521364,0.05978681,0.6658828
0.0098642325,0.0009997135,0.023658082,0.0036851242,0.8752386
0.04728768,0.5467861,0.053867403,0.11929092,0.9436583
0.055905417,0.16135895,0.0027930082,0.00187447,0.52400196
0.29521126,0.028313778,0.012535166,0.10487543,0.18002465
0.0033558845,0.3543689,0.0034164055,0.0010642374,0.010541235
0.99909925,0.7086218,0.9991416,0.05923576,0.9877257
0.9995154,0.14024317,0.9909161,0.115729965,0.9481638
0.11343383,0.44995025,0.017448558,0.016887927,0.85195714
0.0007702242,0.03644354,0.00067803473,0.0008785031,0.31550533
0.2503738,0.81060135,0.09544519,0.04002698,0.8204601
0.38392094,0.49842605,0.12006993,0.03665394,0.960023
0.03147745,0.021210065,0.016881706,0.012983885,0.62602335
0.001908899,0.0044542183,0.00041292916,0.004116584,0.35359696
0.03314538,0.030346027,0.0012658203,0.02324338,0.5572514
0.014151642,0.6909317,0.002502856,0.028765239,0.79984987
0.023749433,0.13319513,0.0016977093,0.0010179859,0.17242566
0.046580795,0.0025451437,0.0077890484,0.004056691,0.18762541
0.0055400385,0.007275554,0.0003129516,0.65711963,0.7941338
0.91590106,0.28136197,0.0010662484,0.04214945,0.9849377
0.019983578,0.058007445,0.0007570249,0.0045451,0.42536741
0.4076825,0.04491222,0.00060578727,0.1275301,0.9916128
0.011252924,0.24180037,0.00026355198,0.1221388,0.49171692
0.08200471,0.27308828,0.04191321,0.101761326,0.8772258
0.046593938,0.508982,0.009315341,0.03863448,0.5147033
0.0017992252,0.079112135,0.0043528923,0.037261397,0.39996764
0.95057803,0.19147709,0.9174316,0.025152903,0.9650844
0.0013209513,0.008042294,0.0010805133,0.009015047,0.058785643
0.001715845,0.014454616,0.00039780576,0.020299317,0.78405935
0.0629557,0.0077627106,0.00080652005,0.0073006176,0.91613704
0.122734524,0.07791255,0.007926774,0.03343152,0.6076267
0.98913455,0.12701905,0.033709835,0.106423624,0.9745419
0.00035069007,0.0024353815,0.0012355956,0.113623545,0.59592897
0.0013035975,0.32493478,0.0014935732,0.021139588,0.41068125
0.0004447552,0.13130504,0.004175327,0.011865844,0.24289072
0.20614724,0.7367605,0.23487157,0.06606434,0.95547694
0.005114355,0.6151801,0.0020745697,0.0031383275,0.96866053
0.0077484874,0.04211714,7.2889845e-05,0.005221924,0.19009134
0.0022599495,0.033864718,0.003719665,0.0038287404,0.070446834
0.026241565,0.8023558,0.06267468,0.006479976,0.9344455
0.021947645,0.123330005,0.029679094,0.033235356,0.083653666
0.008674895,0.01893101,0.0040250923,0.023098316,0.50675476
0.0002368296,0.0019264907,0.0011058116,0.0025825691,0.3868933
0.055217844,0.65087277,0.0333842,0.16170236,0.56335324
0.0034109857,0.36073208,0.017312009,0.0005786656,0.98346496
0.002516171,0.010494472,0.00060496794,0.0040843966,0.33667058
0.008688022,0.08576738,0.010963464,0.034547832,0.62686056
0.0034713221,0.06312637,0.00024192956,0.13003139,0.7370254
0.04561432,0.5969135,0.084419735,0.02792678,0.8569853
0.40577734,0.3651718,0.14853302,0.01403217,0.93687624
0.002640039,0.07897326,0.0019648662,0.0048071058,0.5245732
0.03233922,0.6741678,0.03861184,0.12791264,0.8158997
0.004315415,0.014496351,0.0011880152,0.011777388,0.75131005
0.005752534,0.054531235,0.008279072,0.0012067978,0.3561565
0.0203548,0.01591417,0.011795917,0.012816344,0.94230145
0.0042952993,0.0077479267,0.23484854,0.04928343,0.56338674
0.009964425,0.004138519,0.006073863,0.0059530754,0.5993533
0.051563095,0.16337912,0.008620783,0.17456007,0.8728221
0.026390132,0.0021730142,0.0015618013,0.032326322,0.57230824
0.47157344,0.5886269,0.0014714047,0.009055568,0.94975364
0.124159046,0.74637765,0.00737698,0.13782656,0.9038481
0.0002540435,0.01035839,0.00083037536,0.026918342,0.5795224
0.0004643921,0.0056015123,0.007658877,0.074243724,0.7667911
0.008827674,0.020644654,0.0013139866,0.05643864,0.19912101
0.99907076,0.72258747,0.98731637,0.93422955,0.999022
0.32636434,0.12670334,0.0011076723,0.0007676296,0.816168
0.9993443,0.32814223,0.24023856,0.6920386,0.9835513
0.99974686,0.3037077,0.18429305,0.90163285,0.99683917
0.04118845,0.0661009,0.013366456,0.0101202605,0.56561756
0.004096817,0.0618706,0.0018929447,0.007953435,0.43072045
0.006191121,0.11143438,0.0034959037,0.020324197,0.05003084
0.0070219953,0.40508822,0.0036948572,0.0824772,0.7940437
0.4929905,0.19224045,0.99427575,0.25456747,0.9792388
0.04437416,0.022495292,0.0048068594,0.023298047,0.5933304
0.055083938,0.8319609,0.012866769,0.108956546,0.8898953
0.15514114,0.784271,0.16895801,0.101954594,0.94140303
0.12697978,0.71049654,0.31877226,0.057653252,0.89728624
0.009180325,0.0995152,0.0016691579,0.0019651244,0.84486145
0.0055897366,0.0064502503,0.022385553,0.034699216,0.6073736
0.34780833,0.19897704,0.0076759364,0.010671272,0.92519426
0.009226916,0.41342238,0.00782304,0.050428897,0.17324267
0.0011360715,0.033875383,0.012941835,0.0008339889,0.2011637
0.2387247,0.1102232,0.0071424884,0.006440644,0.9658757
0.9012041,0.13954407,0.0016326857,0.0043138666,0.893973
0.040783048,0.0026097926,0.0038233993,0.0007527468,0.15699221
0.011235276,0.79823,0.006225191,0.022230335,0.78817374
0.009302298,0.015296075,0.025362335,0.01639109,0.92981124
0.2366719,0.5336884,0.017781973,0.43099487,0.97062904
0.009442621,0.5848579,0.021795567,0.028387174,0.8959431
0.0035203157,0.5601662,0.059372276,0.093718946,0.83539456
0.045170262,0.76199764,0.0064651896,0.12127173,0.96451
0.000636317,0.002730867,0.00023607908,0.009234121,0.53118336
0.054887813,0.009971804,0.0057557286,0.1437193,0.9797977
0.0033367625,0.04030603,0.0042055394,0.0046275477,0.39263535
0.3941646,0.14487343,0.0040773693,0.0022123798,0.189138
0.03333569,0.30732152,0.019584436,0.19573686,0.9677606
0.2523495,0.12313073,0.047274772,0.009372093,0.7172475
0.04584372,0.21720594,0.0022208558,0.002068409,0.94341
0.04370548,0.09638983,0.0052990615,0.041004434,0.9847739
0.013633051,0.34900334,0.008457435,0.120292775,0.7754439
0.088894606,0.08560613,0.0023108798,0.0068987696,0.4324974
0.017273137,0.3772967,0.0037576102,0.03771101,0.57555985
0.00027228438,0.0012614537,0.00062390603,0.0020740645,0.048330665
0.026693903,0.67608356,0.054686785,0.023351537,0.8495805
0.0017359969,0.0024726726,0.00013546253,0.032366257,0.33690003
0.00048824743,0.052608646,0.00071782793,0.05456122,0.6183183
0.7877579,0.031448513,0.060489867,0.0027439126,0.79585576
0.63576126,0.054269794,0.0012338414,0.006224176,0.18627308
0.00022714904,0.03792754,0.000100417776,0.0005328445,0.08092797
0.0044040815,0.03189532,0.03172967,0.051745515,0.94015855
0.0013262648,0.014389888,0.0011970572,0.13521923,0.96921456
0.2989008,0.09416084,0.023772718,0.12069902,0.5785577
0.016927343,0.013895046,0.0018740427,0.076892205,0.3816362
0.019147428,0.14826839,0.054511867,0.0030702925,0.66622066
0.03957676,0.6758488,0.016435083,0.015586712,0.46771574
0.00023613017,0.0019131647,0.0075086653,0.0037147012,0.4896354
0.050923496,0.5884789,0.49107414,0.024592869,0.8189278
0.82535374,0.96960425,0.9940749,0.02772211,0.9982486
0.0054253405,0.033719234,0.0007474775,0.099725544,0.068522945
0.009690366,0.20311403,0.0012687849,0.087583214,0.84454995
0.16942276,0.10450849,0.00022693559,0.0038806447,0.33897796
0.19955991,0.37381592,0.0018683911,0.029704945,0.9506279
0.00012480775,0.03850512,0.0011356723,0.002884742,0.6306348
0.009159914,0.07386663,0.039359972,0.1427746,0.9913946
0.0059360415,0.0059892996,0.027499069,0.09621071,0.63918173
0.99954957,0.91245174,0.99907374,0.13613664,0.9991424
0.0009843727,0.005570218,0.0065893093,0.009603146,0.87009794
0.0110305,0.039424844,0.00011973425,0.0047868136,0.5786669
0.014053277,0.029859552,0.008389283,0.0029199743,0.87753546
0.87456375,0.017947096,0.10416906,0.086435415,0.982475
0.9869256,0.039065607,0.0045955842,0.1610469,0.9588109
0.37750486,0.023124842,0.13971436,0.2824977,0.6181342
0.12924004,0.19084118,0.00992014,0.14954658,0.4551057
0.34799302,0.63149065,0.035795514,0.05549198,0.9725219
0.0008019323,0.037884198,0.002070666,0.007193342,0.73035425
0.33167425,0.42143613,0.98295885,0.6712886,0.9953275
0.016705995,0.26914456,0.10404903,0.0075649736,0.97688943
0.0008789963,0.006267063,0.0006000432,0.007905377,0.7755806
0.002087866,0.019062107,0.00011433599,0.014836826,0.5019542
0.0067190863,0.14032118,0.028220208,0.013095893,0.7895843
0.64496505,0.7455357,0.27220863,0.03326649,0.9728271
0.001060802,0.014267427,0.04828557,0.062438533,0.25049958
0.2435264,0.2876258,0.00061149965,0.091736086,0.8186142
0.0022341488,0.1542203,0.0006011772,0.001785586,0.59814954
0.00023295697,0.003874283,0.0003797397,0.0730788,0.15733784
0.9904655,0.0031692085,0.20202145,0.019005364,0.9206834
0.9611909,0.2386143,0.049337063,0.042422198,0.8227804
0.0014525183,0.9173961,0.0113694025,0.30093652,0.9971744
0.015027411,0.40060657,0.3196217,0.06746455,0.58662957
0.24112451,0.025876176,0.14215846,0.015124214,0.9693934
0.82746667,0.065892786,0.00631397,0.009572595,0.9080356
0.0022405055,0.08730893,0.0013024092,0.017883671,0.40499744
0.0031825092,0.0027312448,0.0011228636,0.019113775,0.7616474
0.00040882206,0.001766537,0.0005381051,0.0014170227,0.30663738
0.0004127861,0.010359138,5.634169e-05,0.0036658237,0.01993776
0.09009544,0.19095667,0.038380966,0.00983774,0.9044694
0.46514952,0.02099717,0.004662055,0.0075989477,0.39361817
0.124757506,0.063291386,0.0040442823,0.07379211,0.5693633
0.99899644,0.96317697,0.20915861,0.7285881,0.9648089
0.44887394,0.054228935,0.14890705,0.1641684,0.7255789
0.20929241,0.038699016,0.0017679863,0.009547361,0.8658648
0.12588944,0.012465516,0.00893771,0.022719981,0.22195035
0.0023977754,0.007975977,0.00045954966,0.003246195,0.019697199
0.004896741,0.03630698,0.0135169,0.005953414,0.17464584
0.00043320697,0.022166852,0.000675565,0.0010569023,0.072089635
0.0067766993,0.098633535,0.0010672961,0.0015314551,0.40776926
0.012695622,0.17272595,0.0031394213,0.009037683,0.4920641
0.0028933631,0.14827402,0.0028701895,0.0006013531,0.06988581
0.7624399,0.11740135,0.019590588,0.02292887,0.98166716
0.08978741,0.054877654,0.029027753,0.024296576,0.9883315
0.8430177,0.28003147,0.9670167,0.27622366,0.99061733
0.58310306,0.11681083,0.28002185,0.024118073,0.8697387
0.04328526,0.102801606,0.0035560622,0.07091992,0.47034895
0.00032023506,0.007545663,0.0046760044,0.0012195064,0.26983243
0.041377217,0.22934729,0.0032601433,0.06468451,0.9745283
0.00038389335,0.026017277,0.0001353902,0.0018051243,0.16777544
0.99331903,0.31479967,0.77246755,0.74511886,0.9958276
0.9999293,0.9482114,0.9678707,0.79556245,0.99991536
0.01630705,0.5562412,0.013005956,0.02931877,0.8328327
0.9567354,0.042949133,0.004230615,0.024101386,0.9962058
0.13432214,0.13543123,0.006747619,0.0071124295,0.3683729
0.06828524,0.019815514,0.034663625,0.05912209,0.9551757
0.17815621,0.2638457,0.1539618,0.018638624,0.92643297
0.094611794,0.21161889,0.45387977,0.049788214,0.95666754
0.4582284,0.53699565,0.07144194,0.08644298,0.91052246
0.014971032,0.9039455,0.0019896282,0.020382402,0.84910226
0.09501205,0.43351132,0.033352893,0.009128997,0.11503299
0.19306706,0.01345218,0.0007639927,0.027842673,0.47040704
0.99992275,0.030655015,0.4083247,0.081561685,0.99993646
0.0059105614,0.69304156,0.019819293,0.0028665357,0.3454207
0.0024629415,0.030769315,0.0001547318,0.0030530365,0.662392
0.002148156,0.0015810613,6.725207e-05,0.018309705,0.5368286
0.05271825,0.36159453,0.016953517,0.39174524,0.7161624
0.00076405867,0.030684723,0.0042621894,0.0021812858,0.2312938
0.06822623,0.6373986,0.011008467,0.42423993,0.8395993
0.6585749,0.23158585,0.005980744,0.030701475,0.77244717
0.000539136,0.0028105516,0.0015974477,0.0014559423,0.64112985
0.0008096433,0.0052727237,0.0001231624,0.0066722236,0.76715106
0.0015369033,0.013655224,0.0051250076,0.19998388,0.30749992
0.00027879915,0.03560137,0.001149525,0.011766266,0.30675772
0.00239039,0.33702698,0.010128189,0.022207264,0.8931465
0.023321053,0.74592257,0.015932947,0.0021590414,0.51866126
0.99967074,0.60523856,0.07644816,0.68067366,0.9979073
0.059776805,0.76871854,9.534652e-05,0.012553677,0.9452239
0.031611614,0.41901922,0.3929259,0.036101576,0.9597794
0.027809149,0.7510574,0.024476226,0.056978617,0.57905173
0.0033328861,0.0035138817,0.0002545648,0.0054275584,0.54027563
0.6449443,0.088570565,0.024485696,0.045490213,0.90378755
0.7799875,0.12184341,0.010700934,0.010067132,0.9598302
0.12669024,0.06794083,0.0007694466,0.001530775,0.7297447
0.47811466,0.8934669,0.942762,0.19250327,0.94817334
0.3499411,0.04967054,0.3992126,0.1085919,0.9843784
0.99993646,0.7091821,0.9997352,0.49682766,0.99920565
0.99972194,0.24102868,0.99459165,0.18399861,0.9911547
0.01382323,0.65807694,0.10652318,0.019142283,0.62616605
0.24009693,0.022843275,0.062057666,0.38327968,0.9825044
0.0048528006,0.38407576,0.016759006,0.040662587,0.6709469
0.19368501,0.6805592,0.0134324245,0.002367743,0.90801424
0.024831826,0.43303967,0.0008972252,0.08144008,0.6613899
0.00068268075,0.26416096,0.0048359046,0.116183005,0.7761601
0.0035229598,0.004153547,0.009505258,0.024015758,0.67260617
0.01231054,0.582789,0.02845903,0.0020652146,0.9013599
0.011332982,0.9304141,0.0089133885,0.004367789,0.97082394
0.025430463,0.89926535,0.012243807,0.024591237,0.4947482
0.074253425,0.61307603,0.04171638,0.021377504,0.975069
0.059147686,0.20262197,0.010888524,0.19330594,0.934507
0.0019365057,0.013179166,0.002782114,0.00076995854,0.16287847
0.17559265,0.13495123,0.0016180659,0.002850785,0.26047307
0.07661717,0.05137189,0.010061492,0.0037230598,0.084569804
0.06535974,0.031079752,0.0006061797,0.0025457528,0.46729162
0.000409612,0.013014315,8.3878294e-05,0.019329334,0.45485806
0.026459675,0.107620135,0.004502471,0.0034806414,0.9074421
0.005108768,0.09424225,0.0008252331,0.00047947068,0.10996501
0.027149811,0.33491474,0.16997688,0.18924904,0.93165815
0.25652948,0.34945586,0.3842972,0.019850241,0.5347139
0.26927957,0.024539199,0.045391355,0.02408524,0.9444446
0.071557105,0.43055984,0.10654325,0.056383498,0.7467627
0.14484379,0.20667373,0.99818987,0.038350206,0.9743698
0.9975955,0.7812408,0.9998024,0.896166,0.9908116
0.02839027,0.018917173,0.0006649769,0.019573841,0.35984194
0.00075196533,0.1004979,0.0003705206,0.020996405,0.7129175
0.0017461732,0.015801957,0.012013784,0.006363227,0.34698534
0.021620512,0.12524891,0.003207654,0.010470815,0.30195174
0.18736811,0.09610412,0.00014899582,0.0005618428,0.45606896
0.013443304,0.12127574,0.00035167774,0.0009136221,0.031381395
0.117538616,0.014893555,0.00015246375,0.007579192,0.030505506
0.01275568,0.05067785,0.026623167,0.03219535,0.4719445
0.00013500718,0.0016591784,0.00035913338,0.003926882,0.052349135
0.02191004,0.28936413,0.010012583,0.00029753605,0.08113927
0.012622715,0.0019572927,0.00044788458,0.0015471316,0.65828204
0.0019526557,0.03002299,0.0031591873,0.0074008494,0.19193672
0.00035669695,0.0027868724,0.0024758985,0.004188343,0.14395128
0.008175342,0.16679768,0.0055333013,0.023020962,0.51100403
0.099882,0.14935161,0.0042153755,0.00031939478,0.29612836
0.13183637,0.094245344,0.0127793485,0.015876682,0.35463548
0.32052788,0.18883608,0.3032999,0.010180271,0.4517921
0.6273351,0.7542382,0.99630165,0.067752935,0.9983499
0.060683835,0.5128173,0.0106436545,0.02233717,0.53627837
0.37959233,0.039044224,0.03647929,0.0033921925,0.9439292
0.99716395,0.030810002,0.40271425,0.28674227,0.99361527
0.0028129553,0.020789856,3.3734104e-05,0.009299393,0.4853941
0.026317112,0.6251941,0.009035453,0.01955382,0.9663957
0.09901403,0.15117486,0.0015056223,0.014967339,0.24744806
0.100342095,0.26673755,0.008458571,0.00677172,0.17610906
0.23556001,0.0023140835,0.0017311785,0.0019625179,0.51020676
0.073054925,0.16836439,0.08742715,0.079834804,0.88015103
0.08864099,0.017623706,0.0013211727,0.07568873,0.16818596
0.0005161468,0.01596083,0.0004675729,0.0010003357,0.010845143
0.05952453,0.15185137,0.0067427317,0.006210974,0.7197979
0.013461713,0.091787025,0.08355141,0.057176866,0.6711201
0.00019416983,0.017367208,0.0033196972,0.011685111,0.3508683
0.14984334,0.11949456,0.008798608,0.026904901,0.9226043
0.019242495,0.1873278,0.10272524,0.0036289298,0.68287796
0.8935766,0.6546169,0.012276449,0.0069365026,0.9756821
0.49561775,0.5291589,0.4649185,0.63882864,0.85650045
0.5850428,0.120976135,0.46673015,0.34652734,0.9896088
0.008454808,0.5674376,0.00028824346,0.025679337,0.73042244
0.006995933,0.0070225806,0.00044815813,0.0035709739,0.17212048
0.005663242,0.038163673,0.0005338648,0.03456877,0.97845125
0.0018296178,0.32982978,0.00057675934,0.013136407,0.54794466
0.0023675663,0.0068257004,0.00036301167,0.00684321,0.056052517
0.017136531,0.012834076,0.004969625,0.02204489,0.12429456
0.00088792713,0.036342878,0.000496887,0.0018290248,0.8765176
0.09527108,0.7752231,0.49304417,0.010549,0.9720604
0.3173652,0.3864418,0.1068393,0.003223857,0.9757319
0.03437149,0.13903491,0.0005377639,0.006554424,0.5325287
0.0027111175,0.10921595,0.0035483085,0.0077130757,0.34266788
0.0005735819,0.61901116,0.0017563315,0.0017589234,0.11647283
0.1028968,0.6915185,0.01577529,0.0045817886,0.66306156
0.15952094,0.764756,0.026173564,0.46518472,0.97104543
0.04853131,0.09736685,0.0060547637,0.0487549,0.1562155
0.00835064,0.007047349,0.0040362445,0.007895935,0.08416875
0.09485075,0.012275865,0.00090913347,0.06643863,0.62783396
0.0027816948,0.093895,0.022555074,0.064520694,0.7262727
0.00754936,0.030669749,0.003922492,0.036746334,0.7723765
0.24352717,0.06477434,0.021920852,0.0014459114,0.9924388
0.03596958,0.12207791,0.0201749,0.006388073,0.9749153
0.0036197056,0.23195161,0.0034061375,0.08798581,0.82518274
0.056427974,0.029627891,0.0007267105,0.018132865,0.81066436
0.014440359,0.10803336,0.028346134,0.0037998254,0.94914585
0.15197253,0.3359486,0.0053098924,0.0032217277,0.85958856
0.014415819,0.253846,0.004947664,0.0025008211,0.349608
0.040894903,0.28864646,0.008947206,0.074645646,0.64364433
0.041498445,0.28179416,0.017790945,0.014310271,0.2173633
0.016543934,0.115714945,0.010137802,0.0056670434,0.95807767
0.052555747,0.11231053,0.011101468,0.0049558594,0.4937504
0.4019401,0.32679215,0.003130367,0.007832935,0.7820127
0.99897516,0.09785347,0.88380444,0.053592388,0.92885
0.9725184,0.054391466,0.9673423,0.035988133,0.890504
0.26723933,0.921378,0.034971457,0.029621806,0.7666052
0.0005934779,0.002989291,0.004121394,0.016781673,0.1723402
0.0057614045,0.02195435,0.035422858,0.064255595,0.68070036
0.0014400127,0.17386995,0.15463921,0.024214849,0.3881089
0.007712868,0.50230896,0.009107701,0.018498732,0.11857584
0.06801619,0.36026788,0.016701516,0.017052045,0.08145247
0.018751588,0.12506826,0.0024754838,0.076035924,0.7381856
0.002562082,0.010887744,0.031018024,0.0965214,0.9475641
0.119810216,0.048186973,0.0017011735,0.0202192,0.9329797
0.0018655476,0.034346808,0.024676949,0.017996665,0.82362545
0.005468883,0.002752835,0.0208432,0.0015970705,0.932228
0.07158781,0.4072291,0.064959474,0.52955693,0.8399566
0.05556778,0.9270468,0.0005148226,0.016999057,0.84932303
0.115295626,0.72414255,0.011704852,0.037688125,0.97713804
0.32994577,0.057662394,0.06435743,0.021458022,0.96602696
0.7494955,0.25468263,0.26497522,0.00905378,0.95916605
0.24294104,0.2499279,0.2246393,0.017178673,0.86474484
0.9988601,0.13842915,0.08500585,0.20535317,0.97041446
0.13239697,0.55769295,0.0019141155,0.0040091164,0.8575848
0.11464266,0.6697804,0.0030932394,0.0013127702,0.6570814
0.09897178,0.19476351,0.0012787703,0.0034805222,0.38365227
0.02591853,0.005778268,0.00018770379,0.0017489569,0.12888247
4.120772e-05,0.015062791,0.011137395,0.008120767,0.10591783
0.06393514,0.22531042,0.0127745615,0.02125555,0.95544463
0.0073803016,0.0021190343,0.0006689595,0.0018665246,0.17014155
0.005763642,0.11417331,0.0065803016,0.011788359,0.69386274
0.79734623,0.33709118,0.9724036,0.32434613,0.8170697
0.030682294,0.6039109,0.35961708,0.23775697,0.7081964
0.5378112,0.23782486,0.04533223,0.5581456,0.71716076
0.07404541,0.36132303,0.073289126,0.0645422,0.91953117
0.43673187,0.62040037,0.18394448,0.24835478,0.9928405
0.050570965,0.045733802,0.005709834,0.04180984,0.8966802
0.2265095,0.018587599,0.019893507,0.03192451,0.77076113
0.1095698,0.542044,0.24327815,0.1840693,0.9561872
0.24343982,0.745632,0.9252359,0.15560965,0.6748466
0.9469016,0.25036678,0.93208975,0.16998388,0.8536804
0.032285582,0.010322827,0.00045603001,0.019607943,0.87367785
0.002606306,0.10096384,0.0022591185,0.0061581205,0.11511398
0.07357649,0.23035415,0.0022759573,0.010798138,0.8117342
0.00040084872,0.043834634,0.0010018417,0.0022674915,0.43108782
0.0002996946,0.029905556,0.00029026848,0.003455129,0.036095902
0.0024485888,0.059240136,0.0027579148,0.0042357445,0.15328804
0.9993437,0.8101997,0.11371554,0.5179641,0.8518741
0.00032780675,0.026940523,0.0019167775,0.0034395745,0.80830157
0.0128497565,0.08598625,0.08883974,0.024795786,0.68186796
0.030071806,0.01895723,0.0005692594,0.19837198,0.7815431
0.37448066,0.48533648,0.0116611915,0.049646035,0.4238282
0.08154559,0.061493754,0.0002871036,0.0028962535,0.22052783
0.50948584,0.09888024,0.0006889133,0.026994357,0.43819785
0.12070268,0.90732753,0.00042948246,0.041196123,0.6741612
0.052200746,0.27698448,0.0035076526,0.09146905,0.96709186
0.059313226,0.41553402,0.029958842,0.0029855103,0.23779301
0.36814556,0.008084303,0.011040981,0.014292913,0.8834317
0.53661054,0.11146135,0.27704132,0.051886164,0.7525956
0.2972475,0.06730794,0.16111806,0.0125762895,0.8859046
0.022604177,0.60443056,0.011922828,0.016750451,0.4488426
0.021406854,0.036038823,0.009264021,0.03026758,0.24507393
0.017158374,0.29431394,0.008803674,0.004876475,0.19552131
0.9995664,0.29502046,0.14508568,0.745703,0.99763894
0.14342473,0.6563213,0.14753176,0.22517355,0.9898532
0.78667456,0.54894036,0.14592187,0.25939456,0.96458924
0.99968505,0.08617676,0.120219305,0.81175673,0.9941058
0.05135165,0.60584253,0.00016591171,0.05134626,0.7789788
0.20443864,0.69574845,0.00025793386,0.007799964,0.7764079
0.36911467,0.3462154,0.007328892,0.009073347,0.544807
0.014366115,0.0027345847,0.0051541287,0.037891697,0.63839114
0.0033581052,0.05244609,0.0053698123,0.0089265285,0.30072466
0.0013037912,0.0057846466,0.0026820146,0.021626258,0.32166883
0.061659694,0.3059443,0.08313312,0.07295803,0.87315303
0.09643578,0.9212528,0.9955421,0.70524824,0.9899345
0.016026154,0.13799532,0.09894924,0.001281527,0.35380185
0.1686407,0.06691791,0.031699285,0.020091048,0.58927083
0.75345916,0.012602317,0.1751037,0.0053772996,0.91374016
0.012943645,0.76556486,0.049810857,0.0061185695,0.69153297
0.044539433,0.022224817,0.0006931455,0.0013574531,0.17134109
0.04395789,0.0057432284,0.002225366,0.0047639958,0.21751043
0.06112396,0.199726,0.024775742,0.03172465,0.51708734
0.017960582,0.022971274,0.041940983,0.006159588,0.55769134
0.004317815,0.3427149,0.0005864654,0.0067577,0.28380957
0.0053177914,0.011135231,0.001898096,0.0013647167,0.1261689
0.9999522,0.054510467,0.7806035,0.26212016,0.972628
0.94843596,0.25068077,0.91217613,0.0038785455,0.99684995
0.00044016336,0.006026503,0.001492018,0.004579304,0.09005263
0.017255388,0.01552017,0.0024765462,0.06028989,0.21751595
0.97484607,0.06708962,0.99951875,0.50736225,0.99812764
0.02870126,0.0951156,0.0021742047,0.010397652,0.36507723
0.00037424418,0.02599698,0.00023573653,0.003159261,0.055505194
0.28002018,0.15105446,0.114855796,0.009279895,0.6728582
0.0014691429,0.05092138,0.00044801994,0.021161815,0.6719567
0.0038538787,0.033169784,0.0044156522,0.0097075505,0.10551694
0.0104653565,0.059696626,0.0022069404,0.04783898,0.52770394
0.18464051,0.19710837,0.0004681096,0.0026226018,0.47205126
0.0010434639,0.0064083254,0.001751221,0.005347698,0.32909688
0.00020618523,0.03594706,0.01943685,0.057235707,0.07783685
0.32222712,0.5798061,0.14954546,0.0070253178,0.7840099
0.04654464,0.7310736,0.008312677,0.6117077,0.9094795
0.9998392,0.922796,0.9950465,0.008708927,0.9970709
0.7254078,0.36922598,0.0020162074,0.0063436753,0.8533659
0.0009991046,0.0009123834,0.00026588351,0.0033625863,0.19195725
0.024625123,0.0017196758,0.0005197847,0.0024367408,0.7042464
0.038564246,0.010464469,0.0016665609,0.018192451,0.6949028
0.101478025,0.1479331,0.003750921,0.06833752,0.8329808
0.08594378,0.111927405,0.0055760103,0.46566126,0.62540245
0.077721655,0.9431637,0.6576109,0.29375598,0.9958269
0.0316913,0.003311648,0.0049191555,0.0025814997,0.44758773
0.0068270094,0.030203734,0.0058488734,0.032905262,0.9430329
0.04006099,0.21154374,0.00051868206,0.13282534,0.9163665
0.01266285,0.014494449,0.05140687,0.01538645,0.68446505
0.1842275,0.3451318,0.013109272,0.02086586,0.8890309
0.0029562227,0.85852015,0.019413453,0.026280249,0.7887241
0.008576921,0.06959191,0.0015695192,0.029968655,0.83154297
0.09884006,0.024972957,0.0010648151,0.0009449616,0.46929744
0.3611178,0.3335313,0.01069233,0.071237944,0.79628706
0.31329003,0.061494302,0.0032493905,0.0033725647,0.93110985
0.6284026,0.0958585,0.022250736,0.0046928967,0.8936759
0.22330672,0.1804809,0.16464409,0.025960557,0.99779
0.592066,0.119678326,0.0077163097,0.0082810065,0.9360075
0.65597445,0.13036056,0.07190484,0.011209683,0.88876927
0.82503307,0.11723211,0.13064097,0.020077562,0.9680199
0.9456215,0.16122015,0.07812113,0.1548653,0.9912935
0.09957963,0.16383345,0.032120816,0.05507236,0.8822571
0.001585753,0.053225335,0.00024964943,0.004040234,0.09154035
0.0013069622,0.009652432,0.00029576643,0.005698254,0.40183464
0.79739875,0.024550907,0.23710972,0.018360548,0.80970377
0.061879933,0.07388862,0.00072676275,0.085211374,0.07757095
0.044958446,0.025652448,0.002437347,0.042850062,0.9393925
0.060700838,0.14873175,0.039295807,0.030715562,0.84070146
0.0003566495,0.022533463,0.0005419731,0.003012786,0.048016105
0.008359225,0.00061126926,0.0010997436,0.030392813,0.08525324
0.0015730665,0.0039289957,0.00022911862,0.026902758,0.456093
0.007516391,0.079678275,0.00056861684,0.012191336,0.10449162
0.00940419,0.013429063,0.00020652385,0.008581947,0.4398411
0.008932976,0.003947343,0.01567301,0.008081359,0.13757367
0.9780387,0.12191156,0.94576263,0.9046131,0.99826247
0.006807551,0.6577371,0.0003760796,0.0061590425,0.22234774
0.021991516,0.07213536,0.0003769152,0.008573488,0.50337183
0.022270326,0.66399616,0.0050947717,0.0093140155,0.9207839
0.31830183,0.2959651,0.008915874,0.010675043,0.8961848
0.0098828925,0.0023181282,0.0020992653,0.027204832,0.26802188
0.21168834,0.12597765,0.02319578,0.036809724,0.78650814
0.0022353916,0.3445116,0.021264048,0.0049924115,0.33896497
0.2736978,0.10381576,0.028660456,0.055266358,0.84308016
0.009371252,0.2235969,0.007036806,0.012603936,0.57855326
0.018305462,0.18260548,0.36171925,0.019994233,0.7897217
0.23828435,0.2311677,0.004808217,0.08364021,0.17626975
0.6344132,0.12819265,0.009592916,0.0011920263,0.95652497
0.056622982,0.16845399,0.0075186575,0.067825675,0.49501324
0.0057335184,0.048875164,0.011260062,0.0191896,0.21075091
0.0027383403,0.00947162,0.020827465,0.005292365,0.860954
0.0015515597,0.08378943,0.025138881,0.009340315,0.40229887
0.04843952,0.41415578,0.019467156,0.02839675,0.95252615
0.001140545,0.020351317,0.007706298,0.3206438,0.039816182
0.00590598,0.011896476,0.015396495,0.017416827,0.7231515
0.2621181,0.18175194,0.53551686,0.59475946,0.93723696
0.24745874,0.38658255,0.90682656,0.017610747,0.7448002
0.054725755,0.113909796,0.061347306,0.12613833,0.77733237
0.002152235,0.06365979,0.0009487953,0.014241827,0.38578284
0.02978198,0.04314828,0.036893483,0.005186688,0.7410993
0.030754002,0.071873225,0.0010175471,0.003980243,0.06189557
0.022573637,0.022001227,0.0012870235,0.0066881073,0.014780221
0.028910527,0.04067527,0.0063151787,0.008498427,0.018679585
0.0061574285,0.0015816664,0.00056767784,0.0050290986,0.5149701
0.14941731,0.15217693,0.0051188604,0.01113078,0.8139942
0.00046844262,0.09642825,0.0034293905,0.005542419,0.03446341
0.07006319,0.14967111,0.004872633,0.004491283,0.9324878
0.020188633,0.05392716,0.0022546463,0.008207088,0.48853868
0.15071975,0.043531187,0.030018665,0.078668766,0.7858535
0.021520197,0.31561142,0.95251626,0.0035844317,0.8605005
0.003491798,0.11893759,0.004859359,0.023301732,0.22785021
0.005840332,0.39985943,0.0015216381,0.011508382,0.05335059
0.014251228,0.0246229,0.001273027,0.025320388,0.20251389
0.03076329,0.17597458,0.0007663677,0.0074258107,0.42903557
0.5620804,0.03576784,0.057094127,0.008289779,0.98250383
0.034603376,0.58256423,0.026560998,0.0757724,0.78735185
0.004773453,0.071037665,0.0006385953,0.008243064,0.1299954
0.0401498,0.051690545,0.031228941,0.028360585,0.9208994
0.008582788,0.3871958,0.010212235,0.0022628736,0.7712959
0.5779765,0.18347616,0.8953087,0.03695699,0.90653676
0.07486589,0.06655715,0.023712851,0.0047587375,0.7950913
0.016311841,0.71066844,0.033261888,0.0037781443,0.78135794
0.7836224,0.0666861,0.4463249,0.021960054,0.93308836
0.0027582059,0.017487276,0.0012167611,0.0022570645,0.11654717
0.000102907645,0.023788553,0.00010069105,0.010616044,0.3529341
0.008918276,0.08286679,0.010084596,0.0068391673,0.53402126
0.0103804,0.01271402,0.01239061,0.024053022,0.4301312
0.017387368,0.020418251,0.002129824,0.045380365,0.46415392
0.041475315,0.24210642,0.047624044,0.046571366,0.21423614
0.0047521116,0.14416938,0.00024639207,0.007050567,0.08820728
0.02921189,0.04747004,0.026366826,0.028486665,0.11923597
0.00801279,0.11578484,0.0009958697,0.0013198182,0.60870653
0.018946977,0.15344025,0.0021859852,0.01109171,0.64708847
0.1025727,0.23120032,0.027487963,0.024494719,0.5274599
0.0023388893,0.004121048,0.0048298934,0.01943508,0.31747884
0.08623978,0.443804,0.08587855,0.0783978,0.52889955
0.002381341,0.06995532,0.0012266109,0.0071820347,0.74726796
0.7295396,0.72471404,0.00024341149,0.06477963,0.8469234
0.0042867465,0.0289708,0.00286421,0.034865674,0.4146121
0.0886814,0.022219932,0.0027253635,0.011866884,0.7949712
0.015054609,0.10701031,0.023978272,0.0072637163,0.10701727
0.15990761,0.19209236,0.0074401284,0.083427645,0.9637849
0.029833231,0.29788643,0.002577141,0.0020035526,0.030796992
0.22901793,0.3453085,0.13577977,0.0036523878,0.91806924
0.010261873,0.26899263,0.021499112,0.12899616,0.7161646
0.42386517,0.18516679,0.012497488,0.021177668,0.77817506
0.0062029967,0.7888366,0.0022434988,0.0060065812,0.72256225
0.09247093,0.13066624,0.012805278,0.0018551869,0.89140344
0.18256612,0.03545818,0.0030986464,0.06961476,0.10088016
0.26362267,0.49928245,0.02175642,0.021529753,0.964787
0.07086889,0.48991457,0.0360923,0.2494636,0.86697954
0.31678402,0.024574265,0.0045708497,0.0054330127,0.7062827
0.05643755,0.053390518,0.009422496,0.04053753,0.8693876
0.00926375,0.012680247,0.007991438,0.022805521,0.43483847
0.00024769106,0.0042797606,0.0003429961,0.008512611,0.16571896
0.0004160429,0.012058084,0.00041552683,0.003741521,0.18206608
0.034056194,0.043070816,0.009105618,0.0054890243,0.8504871
0.0020697864,0.15824707,0.02526231,0.0045528687,0.47864303
0.5934261,0.12046298,0.14262901,0.010888283,0.51014733
0.015789362,0.38601592,0.02256697,0.005679632,0.3022491
0.43176374,0.74938667,0.007034298,0.08164939,0.8640065
0.002909294,0.2560967,0.0031538564,0.107019916,0.5039739
0.0233213,0.029654419,0.018541258,0.08371083,0.9535701
0.032052036,0.12377202,0.0024750014,0.04166326,0.40875167
0.111418284,0.29010975,0.99769753,0.097583845,0.9932929
0.06299452,0.20472431,0.0054333196,0.037917823,0.36276436
0.020109635,0.016919442,0.005892102,0.005477326,0.808432
0.076341316,0.18850067,0.000469959,0.03776743,0.91662776
0.02726621,0.4298919,0.027301809,0.06281639,0.6348557
0.010943627,0.32819575,0.00045987807,0.0075380853,0.30040193
0.029786272,0.14319478,0.003115173,0.028540708,0.23270969
0.916202,0.77668923,0.87330645,0.09944688,0.9715839
0.08346384,0.06513922,0.053768314,0.06959604,0.39680415
0.11776251,0.1759311,0.0066419397,0.05456585,0.93837804
0.00020269878,0.012642926,0.00015308433,0.00041542543,0.051902503
0.00051734864,0.010043205,0.00016385452,0.026970651,0.6442213
0.00020939777,0.008752302,0.0010711347,0.0010296063,0.055604912
0.027718017,0.026327766,0.002876207,0.004162768,0.0979746
0.3070363,0.053492226,0.034453176,0.010086111,0.29990673
0.004697541,0.03949224,0.0047487617,0.004017856,0.34985006
0.09443351,0.055764135,0.025314128,0.017488807,0.3235876
0.022337237,0.06577193,0.0016939386,0.010763893,0.2682101
0.23991232,0.10448523,0.29279464,0.004582239,0.17724715
0.122472174,0.06551909,0.043779373,0.010977184,0.71984
0.06394879,0.05436505,0.033045538,0.01141715,0.63563555
0.12930699,0.07603058,0.031766202,0.005402561,0.4511743
0.019426014,0.059057016,0.012246396,0.007375926,0.25838515
0.0015364513,0.008774384,0.0004269968,0.008639178,0.15200497
0.03495824,0.036582466,0.0039305617,0.017621402,0.8804418
0.02299566,0.19692679,0.047530666,0.04043943,0.41944584
0.021165278,0.0052872817,0.00025561082,0.007945414,0.14737995
0.00047213832,0.019557156,0.00067323545,0.0029567808,0.19064741
0.07759177,0.12965298,0.0023044036,0.007164905,0.7046402
0.014339214,0.29034415,0.0019323482,0.048431594,0.30296916
0.0008193791,0.021664659,0.0069160494,0.0009406498,0.83685493
0.06727215,0.033265136,0.01833541,0.0879332,0.43630865
0.00043337425,0.005932953,6.984093e-05,0.0015089702,0.3251955
0.0050635166,0.012847143,0.0042344597,0.0032253836,0.22258647
0.23476678,0.119005606,0.20570329,0.019991502,0.89351285
0.22681487,0.24943848,0.18101178,0.24240488,0.53707665
0.09127053,0.2629965,0.56108326,0.09844022,0.98627687
0.24102788,0.022985244,0.3110467,0.008218826,0.91049904
0.08134411,0.11533296,0.20803984,0.043629173,0.86524516
0.026271459,0.13653585,0.024302743,0.00508916,0.26218206
0.06633747,0.10533889,0.21270566,0.013687057,0.6178845
0.06175931,0.54005307,0.01765608,0.039906282,0.14112899
0.058712658,0.13227002,0.028206298,0.0008219382,0.60482544
0.026750008,0.001396006,0.0057426295,0.00592929,0.33157197
0.031831253,0.060698,0.01364123,0.059471216,0.5281157
0.9997701,0.03507147,0.16379371,0.37801144,0.99064285
0.03233861,0.013482298,0.09710675,0.020432394,0.3264046
0.019175582,0.4992838,0.1702546,0.006891606,0.48365417
0.09586141,0.7050289,0.0036848213,0.017567351,0.8011759
0.055708937,0.22426972,0.084770836,0.027978614,0.55298585
0.011229155,0.23447385,0.0036274493,0.002554319,0.33061883
0.006854384,0.1029728,0.021567656,0.0075010434,0.082144566
0.0076287077,0.0921846,0.10195342,0.0039091567,0.16483605
0.24361776,0.044697158,0.004496732,0.0034203269,0.30394623
0.09790323,0.15853685,0.070029825,0.105380856,0.9787729
0.0044057984,0.14074324,0.005776195,0.012330983,0.31765485
0.74949855,0.09957174,0.08375427,0.007799407,0.66066974
0.050992817,0.109874226,0.13144429,0.0025309718,0.3623643
0.034920905,0.38086605,0.02467456,0.003375531,0.4875169
0.2642129,0.012394707,0.10282512,0.014263049,0.43368605
0.031095166,0.31952363,0.0359247,0.023521284,0.5515443
0.39144403,0.07236112,0.016577702,0.013188199,0.1833498
0.015396119,0.11844767,0.028564766,0.010203216,0.46407887
0.21115711,0.09628091,0.087312706,0.0015027312,0.5455462
0.085664846,0.5080806,0.06736695,0.024982385,0.5581465
0.112059146,0.029073948,0.005901715,0.014980597,0.8392084
0.004287577,0.23308067,0.0044010114,0.0016569124,0.7402163
0.02307515,0.25680143,0.07710319,0.0020802328,0.83202416
0.037094768,0.004014047,0.005398616,0.0155086275,0.03974119
0.5272051,0.4584051,0.9407108,0.115060106,0.94010556
0.0067284806,0.001185631,0.0011842174,0.024436306,0.10983177
0.2856343,0.022766814,0.0020349536,0.08755896,0.2448639
0.014055715,0.313783,0.0014500977,0.0052331537,0.31106856
0.006758109,0.01676611,0.0034332515,0.012979639,0.73071605
0.006575634,0.1316119,0.00046189263,0.029561954,0.92212594
0.042272735,0.101104565,0.00041397676,0.008124256,0.4660416
0.061921883,0.12540594,0.0038884454,0.075298876,0.47756696
0.0074980655,0.0792612,0.006278611,0.010715249,0.45663312
0.00937843,0.11199743,0.00030583024,0.0078916745,0.6710829
0.026675247,0.7366972,0.0018801123,0.1060119,0.1111789
0.092530325,0.45685464,0.024721274,0.029950736,0.13698241
0.0009238348,0.033424918,0.0044858563,0.0036841196,0.034874763
0.010012096,0.01662914,0.00013660842,0.00085881096,0.37973568
0.22432265,0.101852216,0.8890651,0.011987817,0.94238925
0.0115935365,0.15288034,0.025864922,0.019566009,0.3753193
0.014625013,0.41502935,0.09425565,0.0045013595,0.4329024
0.093140274,0.25217187,0.017540969,0.02284533,0.11149131
0.17788944,0.21789593,0.022834597,0.010394483,0.53081685
0.0063996357,0.23381996,0.00031462958,0.00091584405,0.08462916
0.7164155,0.13199452,0.3740719,0.049479667,0.5855983
0.026820673,0.11323073,0.0006836695,0.03730503,0.119745374
0.09859154,0.25103587,0.03086214,0.13987096,0.2952327
0.0022846079,0.06513068,0.0071626054,0.02083123,0.13682906
0.09449258,0.278571,0.09680466,0.012882483,0.6450909
0.07687782,0.26887763,0.0049111536,0.012974252,0.84978765
0.02321851,0.4902512,0.0018194027,0.060490727,0.8813366
0.53770167,0.30692056,0.043562546,0.060112707,0.738885
0.029858315,0.060083732,0.026566267,0.092783,0.55761176
0.43149206,0.17085975,0.015212883,0.017382676,0.42093512
0.00036704153,0.02287265,0.0004233979,0.008731184,0.08390459
0.0024612972,0.00061726064,0.0015825244,0.007874728,0.18392682
0.0046107057,0.09637838,0.02363666,0.16822162,0.44943383
0.0041409824,0.024624698,0.005865238,0.0003940986,0.49574652
0.3602306,0.09925536,0.0075473916,0.0049079293,0.8158977
6.90127e-05,0.015239389,0.0005020356,0.0058129258,0.020688357
0.27830794,0.050034285,0.12800914,0.20157287,0.8620076
0.21045727,0.5555135,0.061709553,0.024349859,0.7194438
0.044762336,0.008451127,0.0014406191,0.010630752,0.3627173
0.044990845,0.7126927,0.09922154,0.08713173,0.6313662
0.079930134,0.2048534,0.014268199,0.01272045,0.93462384
0.102195695,0.4290358,0.004528638,0.017144218,0.78067666
0.08795394,0.27576226,0.9114654,0.017254667,0.8168747
0.12253218,0.021293025,0.42606595,0.04490183,0.43666533
0.0047289706,0.022842791,0.0347494,0.027223622,0.0688409
0.22342674,0.14579768,0.008707391,0.0069638286,0.9344196
0.030986687,0.40796766,0.013022586,0.017609857,0.15272878
0.01596491,0.10356871,0.43399233,0.06764907,0.21144682
0.0663024,0.123897865,0.07766628,0.016395342,0.38088942
0.17903338,0.24013826,0.06301947,0.026841907,0.8916826
0.0011782018,0.14843,0.10472727,0.0027709827,0.11267332
0.22912613,0.3345505,0.45616698,0.14508522,0.9722438
0.0053403727,0.49362198,0.0032984975,0.019418372,0.84333605
0.0021992633,0.04331346,0.001723439,0.0035962535,0.19498077
0.006640864,0.12568289,0.0011147339,0.005368187,0.1462411
0.03161281,0.7099831,0.13956515,0.025766764,0.93051785
0.13512823,0.17079125,0.037096523,0.009355237,0.80460185
0.010453103,0.06574483,0.0057449355,0.014208928,0.48683923
0.20800081,0.13716422,0.04108549,0.18624224,0.9715882
0.024367662,0.01291519,0.12706037,0.005899519,0.06662797
0.0037906219,0.01765727,0.0009494993,0.0016623938,0.23164545
0.029437179,0.016991513,0.0028527565,0.010751836,0.07912471
0.060573723,0.039653037,0.063888736,0.0206453,0.5817243
0.050473124,0.08069791,0.028221188,0.27048314,0.37833452
0.10169858,0.044052463,0.019451246,0.009023426,0.12605454
0.031486224,0.13052407,0.99231064,0.045106705,0.986945
0.99846613,0.31837827,0.9989341,0.15540895,0.9988514
0.52023506,0.77225226,0.81220967,0.19618328,0.9974477
0.050168023,0.95523727,0.25728372,0.84441096,0.93616486
0.12073514,0.579616,0.3764343,0.11284769,0.7361835
0.7629394,0.08896376,0.8583325,0.006162777,0.87651086
0.0022823906,0.056106143,0.016032524,0.0021705013,0.30140123
0.35489082,0.57737195,0.017408945,0.020607553,0.9531688
0.3420005,0.13932207,0.0044107498,0.059466533,0.7747988
0.04681714,0.14702123,0.0030486262,0.043674976,0.77217543
0.030892786,0.33114982,0.0024996058,0.03887016,0.48746565
0.011424584,0.26953432,0.0031907568,0.0028986228,0.57380074
0.018069752,0.41872525,0.004861268,0.041560095,0.68423426
0.053882644,0.15050137,0.005386938,0.013634616,0.9192184
0.8747916,0.38717386,0.1979283,0.006882268,0.10345268
0.1318491,0.25575647,0.02439972,0.01119407,0.78363323
0.033694725,0.2593102,0.0013328805,0.33089656,0.07685065
0.013874813,0.15617192,0.035948638,0.0022677137,0.8789818
0.17900732,0.44240102,0.22913148,0.004855816,0.69162375
0.52183187,0.057222586,0.34559587,0.087897174,0.30232114
0.9856975,0.78379077,0.68481874,0.015782649,0.9854997
0.49900693,0.753792,0.37665772,0.026070243,0.99269474
0.009689954,0.22943364,0.07428406,0.080264576,0.47071964
0.46833968,0.018373488,0.008209589,0.6202716,0.9700365
0.005463468,0.012557095,0.0009679907,0.01888466,0.3370391
0.44485503,0.13155511,0.0786462,0.01869244,0.84301186
0.0028252243,0.0039861077,0.00014518818,0.007893836,0.09765187
0.79598945,0.025162498,0.9977761,0.018662695,0.9844403
0.97723186,0.00566008,0.9649625,0.41526315,0.9739179
0.23396774,0.13824219,0.98801374,0.021610139,0.9807335
0.18516022,0.72522414,0.7972406,0.023559142,0.9776129
0.07625794,0.0065100775,0.019431433,0.0031821479,0.15472129
0.075715214,0.22893995,0.1418008,0.12590559,0.72818613
0.060015175,0.029795494,0.11139142,0.3558341,0.76591986
0.030225977,0.02034117,0.026807047,0.05021177,0.23422973
0.019057058,0.00568166,0.0019249832,0.0074043316,0.03428412
0.0015042896,0.066173784,0.010074154,0.02201561,0.40150696
0.038085267,0.33208492,0.008274168,0.06393131,0.5846119
0.00011244139,0.09792954,0.00083858526,0.013557997,0.17819215
0.016112342,0.014869585,0.00034363137,0.0017938141,0.31576356
0.05795295,0.39080322,0.00685993,0.009785886,0.7819376
0.0016953947,0.028220706,0.0014313243,0.013890585,0.17864121
0.009572881,0.19439764,0.0019925977,0.06740527,0.3456894
0.037024006,0.04474117,0.019761749,0.0073459167,0.11411944
0.08054888,0.019644491,0.0105088465,0.021277277,0.06895186
0.025497261,0.19416195,0.005520797,0.06399813,0.6087172
0.034367904,0.06102866,0.0026800819,0.0069799754,0.27271113
0.99068916,0.53056854,0.008947971,0.1463725,0.93898666
0.025987972,0.40894908,0.006927436,0.0020762773,0.5963929
0.0015135903,0.020435778,0.0012799449,0.006285466,0.5154302
0.2132486,0.5410026,0.0062890174,0.00571112,0.8275067
0.066244714,0.27599105,0.01250679,0.011178347,0.7909281
0.37110943,0.20722021,0.007198493,0.1631242,0.8597487
0.007085789,0.14579053,0.012940654,0.02617109,0.36337134
0.7768051,0.05318996,0.05084879,0.20783599,0.39818764
0.4435008,0.28293404,0.051891044,0.00552722,0.13530132
0.9813075,0.0053566303,0.19712196,0.14938375,0.3672159
0.027597,0.13168898,0.14729215,0.073828295,0.27887398
0.28016514,0.10853724,0.026955532,0.014271466,0.1883644
0.005539823,0.01003504,0.0006900135,0.040526498,0.08275929
0.091757044,0.06323896,0.041271914,0.021036688,0.32148352
0.036235105,0.6513903,0.055320904,0.0047770333,0.89383876
0.016361892,0.5641254,0.004495016,0.017879501,0.9037768
0.46496102,0.9044226,0.040174145,0.067810126,0.8629678
0.02850133,0.45125732,0.06725462,0.008269141,0.75814265
0.22855994,0.107706204,0.0042617503,0.04829427,0.5195363
0.0044398564,0.026370773,0.016086452,0.019315446,0.22869033
0.01607429,0.11893458,0.004814811,0.012099593,0.84943336
0.052205216,0.52295524,0.0025898211,0.090646714,0.98068696
0.6298027,0.105121925,0.0046029105,0.16447495,0.5233832
0.08627095,0.1942341,0.046893258,0.0149259325,0.8661848
0.0006357351,0.017499102,0.0068067415,0.021228831,0.49699184
0.48272768,0.5647872,0.5351397,0.014389035,0.94945526
0.06060281,0.2213013,0.0045507513,0.1612266,0.58843046
0.0045189923,0.00486833,0.004381365,0.036555003,0.080733225
0.0167297,0.42897502,0.058341123,0.057642367,0.89042044
0.13192071,0.15241133,0.020515999,0.025365215,0.96835047
0.21271102,0.041025516,0.008528833,0.022843312,0.97192353
0.03916286,0.056731116,0.0058716866,0.018004593,0.96471936
0.33904737,0.50324166,0.20055662,0.0070438734,0.6664495
0.3576782,0.66615623,0.8044539,0.11910573,0.8568799
0.52810675,0.3232964,0.25165102,0.053472012,0.96149576
0.005438393,0.056678284,0.004647999,0.001395828,0.084436744
0.03614622,0.059085917,0.00081200525,0.008168574,0.6384964
0.069246605,0.052184988,0.06364644,0.014118842,0.9270821
0.69558126,0.13981679,0.34545195,0.0439281,0.9555805
0.012349731,0.14620575,0.06654672,0.017401384,0.226292
0.16934358,0.06580827,0.04242183,0.013112469,0.5848425
0.014397593,0.015859831,0.0031900606,0.006924865,0.1465713
0.14987496,0.30872864,0.02296768,0.018050829,0.3088694
0.13049088,0.13971044,0.78285605,0.071441926,0.92465967
0.05043393,0.094187506,0.011338962,0.067586035,0.8986729
0.13668303,0.390945,0.0324485,0.03984473,0.28095502
0.03304682,0.42719927,0.0082549825,0.10321368,0.3943077
0.038615204,0.72831637,0.002525792,0.038171683,0.5527583
0.07608401,0.2117569,0.01068992,0.0052752527,0.5692233
0.0060694655,0.048389222,0.00012138901,0.0027100516,0.07122491
0.10999362,0.4213896,0.0268833,0.0200451,0.073846795
0.22202803,0.24418123,0.053156182,0.0075352537,0.8948784
0.047151946,0.18778406,0.0034769713,0.014145157,0.23577599
0.0117861815,0.07114726,0.0008739733,0.010280031,0.57684696
0.20602591,0.1998024,0.012790411,0.06353214,0.19837967
0.02517372,0.09683856,0.0007515262,0.0052512214,0.48420876
0.042789362,0.035112742,0.028349703,0.05941022,0.97800773
0.07842623,0.044820048,0.07242546,0.028206313,0.7988706
0.08373629,0.24011886,0.010453033,0.0028669243,0.039024737
0.01907791,0.01610285,0.08436601,0.0063429414,0.66297704
0.23878314,0.009632451,0.069670394,0.016267654,0.85808516
0.9209492,0.033847008,0.8209407,0.005969939,0.98965096
0.047539882,0.0536366,0.00875858,0.004175983,0.6066221
0.006309059,0.035043597,0.024850706,0.009097095,0.4566183
0.01634699,0.024215603,0.0020928085,0.021007303,0.70487064
0.17481913,0.37454927,0.0048274924,0.008434521,0.97302735
0.14423482,0.6250562,0.024079066,0.12604928,0.86651146
0.27771705,0.127101,0.017656716,0.14019506,0.98087156
0.83667123,0.38220486,0.047099125,0.29456744,0.8939875
0.4016884,0.048539676,0.0743498,0.418771,0.7764332
0.5151275,0.079058565,0.042847876,0.032690726,0.86326975
0.0058988957,0.0557818,0.0071794004,0.014418997,0.14135514
0.0075079086,0.15178832,0.054944944,0.015179979,0.16592166
0.029027088,0.016124269,0.034769446,0.10812668,0.7298978
0.5127434,0.17545794,0.0026789096,0.025658213,0.56353563
0.013594575,0.17504555,0.086673275,0.039348036,0.21365835
0.12723888,0.3585383,0.040841147,0.582826,0.88987726
0.19825992,0.7111373,0.0034725445,0.053768523,0.13299362
0.03375976,0.058687113,0.0058815903,0.1126265,0.26558122
0.0043384833,0.0010265533,0.0113956155,0.0047194688,0.061197475
0.00020385628,0.047129918,0.0025979795,0.0030745205,0.80664855
0.00028667718,0.09387332,0.0055566086,0.016460886,0.73700887
0.002551558,0.012769902,0.0011007756,0.03446459,0.37664002
0.38729227,0.4694869,0.0011766326,0.019478599,0.83485514
0.0014813895,0.011444323,0.0032481581,0.0021882546,0.48405114
0.0023272,0.021872425,0.03609127,0.005387058,0.42035452
0.003387384,0.013134529,0.00073599,0.06641399,0.09697009
0.0035580937,0.36561975,0.002199597,0.006065644,0.4066797
0.34148914,0.06475212,0.16097471,0.010931315,0.8644662
0.99979633,0.7867504,0.9963644,0.7359154,0.99820817
0.001975824,0.0062248344,0.0007368238,0.014483828,0.5758184
0.020341905,0.69884974,0.02870374,0.10223074,0.96896833
0.060905267,0.38453105,0.01728614,0.01328141,0.32210436
0.22265045,0.09175281,0.062172927,0.0034952094,0.63224834
0.014691992,0.11028987,0.0049391286,0.067171335,0.69504577
0.13778467,0.50850856,0.93562305,0.0013576807,0.98133254
0.24515833,0.024953617,0.011941942,0.2525489,0.7943557
0.026708974,0.5036165,0.0038405347,0.0012652273,0.640791
0.40457818,0.06568926,0.018816559,0.009703123,0.23643424
0.19777565,0.043735,0.011436865,0.09689646,0.29457384
0.014263378,0.019016823,0.009825541,0.0023418765,0.5014371
0.05872441,0.14992243,0.007288311,0.0007956344,0.28210527
0.25813618,0.5807415,0.030023985,0.18511064,0.97530156
0.1611168,0.38640967,0.00938835,0.011107684,0.80731297
0.0011131443,0.07402959,0.00068617146,0.048219655,0.4073103
0.15227346,0.35168254,0.0037016477,0.0004712505,0.5295729
0.027440878,0.070877925,0.00059430685,0.00802237,0.041093294
0.02309927,0.22932938,0.0009954675,0.014597166,0.7590986
0.0026175429,0.35852045,0.00033042888,0.09112119,0.15076058
0.046852294,0.025190057,0.0031366649,0.010228868,0.5325537
0.07054346,0.24248058,0.007275754,0.054763276,0.87848765
0.026992433,0.06367632,0.0047104824,0.21488228,0.082533
0.51700187,0.6675963,0.0660768,0.19146612,0.7975436
0.8527201,0.1968807,0.92024344,0.06466572,0.9698223
0.3661755,0.14802949,0.32196498,0.0112567395,0.64322525
0.15231378,0.3228003,0.9340678,0.0064054327,0.91416234
0.026078857,0.85447097,0.6242195,0.018085198,0.73823756
0.016222388,0.5418854,0.020320917,0.014113686,0.29688522
0.2039671,0.08101014,0.6011747,0.16597815,0.97001016
0.8960501,0.6872044,0.4232441,0.061578114,0.88192296
0.009058734,0.07409499,0.0012285619,0.0042674765,0.25728497
0.003461104,0.020681972,0.006849689,0.0010697815,0.6608598
0.003865135,0.04239109,0.007455952,0.0014716638,0.11138621
0.012394975,0.3071762,0.0012281401,0.0027683633,0.39210844
0.022172192,0.13964902,0.0056936224,0.013617184,0.5993852
0.03292435,0.04920899,0.018841675,0.018095683,0.5452152
0.010139205,0.06734985,0.007232774,0.033796925,0.7784604
0.6394947,0.20580947,0.025333667,0.012524052,0.48430225
0.02277795,0.07795419,0.035741244,0.173567,0.5917931
0.16339076,0.14895318,0.039392136,0.4621009,0.33572817
0.051795635,0.108048685,0.012399593,0.22435057,0.09573993
0.021807104,0.07027124,0.029587336,0.446234,0.6135177
0.051041447,0.5721278,0.045067206,0.0041846735,0.020960102
0.09672229,0.38506564,0.017765481,0.0065461304,0.89686364
0.015268296,0.52249146,0.0029617725,0.016944673,0.7654787
0.62725425,0.5280134,0.7793347,0.035786364,0.9824485
0.0051759155,0.19710428,0.0047193905,0.0021554162,0.6359123
0.3957269,0.31385288,0.6977003,0.016523225,0.9621228
0.08604203,0.03898287,0.010840106,0.004509658,0.2676821
0.0091555705,0.0945869,0.01887384,0.0256203,0.8246976
0.927365,0.32303378,0.20302123,0.20179029,0.9701561
0.15091495,0.102418736,0.0130692655,0.039836485,0.75680935
0.016549706,0.0018111513,0.00043158545,0.000891972,0.011441108
0.005717937,0.0031634066,0.006898413,0.0032921,0.26477882
0.0022406122,0.0005648645,0.0006623173,0.00018653,0.04681165
0.003458253,0.009984804,0.0013779354,0.000486181,0.43984082
0.0107306205,0.2740852,0.10722752,0.066358835,0.1785956
0.049491804,0.4397489,0.0065353317,0.04024565,0.71634465
0.0019812332,0.16092747,0.0007147442,0.0002881234,0.04179115
0.0011557703,0.0067091454,0.0008714807,0.015744127,0.66154474
0.24732918,0.4102211,0.001983924,0.0044817785,0.9100295
0.0068727224,0.03845262,0.00026857783,0.0025703374,0.57250863
0.0040288847,0.06556632,0.03990074,0.14252028,0.43337566
0.044162896,0.031366948,0.01347879,0.04141153,0.37863335
0.32526797,0.4440458,0.011976746,0.1875913,0.90566903
0.094625086,0.7135517,0.025196848,0.0046213185,0.30147856
0.022742173,0.94925165,0.022376684,0.19311313,0.5836233
0.017623836,0.51789063,0.010802208,0.012688225,0.74157333
0.0054351133,0.028137624,0.01840629,0.009742892,0.33019137
0.073610544,0.04830989,0.01172213,0.019158231,0.7682872
0.93886906,0.085258715,0.025942009,0.0069010537,0.9037754
0.9962714,0.081991374,0.9253196,0.057844017,0.99571806
0.020358775,0.62067145,0.19932769,0.091190286,0.75082684
0.23982877,0.69948167,0.007898554,0.09275698,0.9248595
0.99886394,0.6920367,0.77515954,0.06655238,0.9836556
0.04306611,0.51336664,0.001195228,0.0022157433,0.93239516
0.08037261,0.29302984,0.5411791,0.01907572,0.9702747
0.24249603,0.22641887,0.0020269263,0.0030865916,0.8198681
0.11570852,0.27072313,0.06926503,0.017231429,0.7153231
0.09638677,0.29287335,0.24221022,0.16197702,0.86729425
0.0057168957,0.05593835,0.013009599,0.0060637523,0.63441265
0.029794715,0.48224425,0.003083597,0.016176753,0.7777987
0.012156661,0.012052399,0.005504398,0.14097367,0.77009684
0.7829921,0.038187794,0.06994085,0.020908918,0.7465936
0.019491151,0.17429955,0.0032498955,0.020886565,0.40827116
0.43002263,0.25820285,0.1003607,0.04416176,0.86261284
0.0051307753,0.0040220446,0.00055398943,0.009380898,0.18083431
0.19228362,0.13489848,0.4102187,0.1618251,0.8069366
0.01960599,0.64396214,0.00062836317,0.015142379,0.8163254
0.091052376,0.050021276,0.0013433088,0.0020841078,0.4540626
0.021947306,0.093114726,0.8618769,0.09586425,0.5625439
0.09260306,0.11295065,0.016220035,0.0646126,0.09880575
0.96782345,0.7340439,0.36477774,0.06619635,0.94697624
0.8196215,0.20233414,0.31961128,0.03719474,0.9624621
0.4387477,0.68502533,0.9076226,0.0808374,0.8522957
0.31993797,0.08716194,0.014623926,0.051475722,0.22633868
0.522656,0.23668346,0.047353193,0.017522113,0.6291405
0.0042604916,0.014505188,0.05573258,0.025173744,0.056392305
0.026749734,0.22057824,0.011318032,0.011700705,0.9345594
0.008056369,0.46563426,0.001644343,0.019317852,0.31934452
0.018617358,0.057446435,0.0013187628,0.06276222,0.08153108
0.0028607124,0.00934611,0.0010707093,0.00029265878,0.07696756
0.13569464,0.57304716,0.00791548,0.012111277,0.91430914
0.06637832,0.12872118,0.004130687,0.00072956766,0.52697206
0.0051318174,0.019493543,0.00293054,0.051142354,0.17328988
0.5412599,0.21811843,0.022129746,0.011783172,0.7685735
0.0075379247,0.046553362,0.00093095406,0.0021154166,0.20933996
0.00048092694,0.01066794,0.00017705263,0.0051226355,0.06596943
0.01941622,0.05561696,0.008000455,0.032183316,0.9324508
0.036072675,0.052073814,0.015581672,0.01387559,0.6034901
0.060633775,0.06871094,0.004143197,0.2912721,0.4361244
0.24833184,0.1950888,0.030380225,0.041795503,0.2873197
0.020158637,0.038873054,0.0058740755,0.010568005,0.465436
0.0011001932,0.01983128,0.05155797,0.003916758,0.85963744
0.0058079837,0.12946902,0.011572507,0.003589577,0.71801424
0.019147858,0.22936599,0.007072888,0.16065648,0.31115982
0.036398668,0.087458715,0.02690282,0.031608306,0.4651923
0.0006789151,0.26704577,0.010927058,0.0026131882,0.5028405
0.00859876,0.02207112,0.0633044,0.048492957,0.9128706
0.083355695,0.11323637,0.00390958,0.004485852,0.58626294
0.012754605,0.05025806,0.013424976,0.0032836369,0.20859495
0.024520293,0.05261969,0.020581825,0.004515283,0.8121104
0.0012808602,0.09600032,0.0017277474,0.039746676,0.087984055
0.13199389,0.12634286,0.019700596,0.007468755,0.18961604
0.33960524,0.10907009,0.9390949,0.26244903,0.97901505
0.44604322,0.622141,0.7076539,0.09682341,0.9832281
0.57263917,0.022678778,0.11626756,0.33270833,0.754704
0.69887817,0.02982446,0.26621234,0.2006364,0.9693048
0.08136547,0.18332358,0.035943992,0.06692505,0.9609663
0.0034771732,0.023230985,0.017019691,0.0025492993,0.4046258
0.0112518575,0.3210204,0.011682209,0.022186974,0.719152
0.006706877,0.31254604,0.010565523,0.0071590017,0.6221182
0.005553068,0.04067481,0.0030674343,0.0007771805,0.17914407
0.00025823186,0.010117782,0.0035929112,0.014516788,0.12998743
0.059186816,0.006496931,0.01816304,0.0710729,0.08131114
0.023925457,0.05372806,0.00010404403,0.036154006,0.19433413
0.057382632,0.04458824,0.0055662836,0.023845632,0.54315686
0.40103063,0.2094215,0.059579846,0.10873283,0.9186243
0.013954786,0.028011167,0.0011121798,0.0150496885,0.6736947
0.009525653,0.23135737,0.027917568,0.10352712,0.32054713
0.69439995,0.019980198,0.015598795,0.00488797,0.51346606
0.052853264,0.082896434,0.54334736,0.01739008,0.81276894
0.0149518335,0.3021852,0.38251173,0.010125445,0.74527824
0.020454625,0.19897531,0.005683241,0.0022845718,0.09897493
0.06686582,0.22152609,0.30204055,0.062308986,0.94870317
0.16342513,0.32478303,0.7158749,0.1282622,0.92364556
0.021586562,0.47129798,0.07231075,0.018384153,0.86821127
0.10646797,0.2570172,0.27977684,0.01971748,0.9084616
0.21489523,0.11845302,0.013723475,0.006918074,0.5170433
0.004208058,0.019005159,0.018150201,0.009897872,0.4515558
0.3296914,0.13289541,0.23831885,0.024995364,0.63059753
0.049831577,0.6199322,0.3107307,0.0024189984,0.9806671
0.0046807425,0.002335985,0.003923001,0.010934543,0.15971076
0.0104804635,0.036402773,0.00162646,0.008943076,0.44697964
0.04111771,0.28240597,0.014489131,0.01719944,0.5255913
0.19870733,0.09086094,0.018413141,0.14140342,0.43672946
0.75752956,0.16060235,0.51752627,0.09045364,0.61236596
0.00014929418,0.3603539,0.0007755591,0.04651352,0.37043527
0.029846929,0.044149734,0.011593498,0.122531265,0.6046209
0.0013280787,0.79400176,0.005580264,0.04277034,0.53255427
0.046059698,0.16145235,0.032588076,0.021001337,0.6321067
0.44845518,0.03346116,0.0126355225,0.025200697,0.20698188
0.25664088,0.29737526,0.000108536246,0.0054774876,0.68119705
0.05910503,0.016291287,0.062407847,0.18074465,0.060795996
0.07530432,0.26045284,0.14018847,0.08288612,0.9381223
0.023300566,0.013012808,0.003718881,0.12201819,0.38717023
0.088430025,0.10288044,0.0033774069,0.0023086173,0.40095633
0.08378659,0.07371144,0.040933788,0.16918768,0.43957055
0.04915286,0.110006414,0.0336418,0.17334728,0.64800495
0.037693538,0.14654846,0.39295086,0.039670452,0.22081244
0.1012626,0.066695906,0.069422945,0.007873726,0.38285896
0.03876475,0.018144108,0.005263096,0.014658061,0.4040971
0.059568137,0.71582556,0.046386663,0.09316158,0.44427684
0.007274115,0.14052798,0.0390218,0.0027522212,0.6668902
0.004796082,0.015926236,0.0018308836,0.0014615768,0.23725511
0.027602166,0.5411409,0.013178602,0.0064516626,0.82992244
0.5389879,0.22792311,0.014117171,0.05526361,0.89737195
0.99910825,0.23409116,0.80793804,0.9423137,0.99902344
0.9932632,0.09025777,0.49695686,0.48463413,0.9952053
0.1060425,0.10692252,0.009528955,0.21220006,0.7415342
0.2700841,0.3392041,0.06752336,0.057787497,0.69316006
0.49607357,0.106015086,0.009471691,0.08280203,0.87145567
0.0043955594,0.011272555,0.007020985,0.027194047,0.08776794
0.013050415,0.020280952,0.011040424,0.012902509,0.42816597
0.01593867,0.17265712,0.0036446084,0.012214516,0.60547894
0.0021121667,0.046782933,0.009952178,0.0009052171,0.4205079
0.47223985,0.17379645,0.0021389287,0.021087278,0.9280616
0.006097409,0.0354301,0.000998489,0.004810225,0.8450355
0.027690424,0.16059391,0.013211665,0.0072142095,0.10506996
0.055430606,0.11707177,0.0033950743,0.019700227,0.7627717
0.04523924,0.05512724,0.01430686,0.002405868,0.72744256
0.0037504453,0.048821736,0.0015344993,0.017184624,0.23496045
0.03960382,0.06959923,0.16549437,0.012332633,0.53537995
0.009839017,0.039870415,0.032790747,0.0024233137,0.13742875
0.114752024,0.37371692,0.0023255588,0.13864632,0.16440709
0.025908785,0.013402474,0.012085945,0.013966877,0.08408948
0.00021233837,0.0049762647,0.0014372728,0.029640397,0.051771633
0.0044842255,0.0183847,0.001026172,0.00051172153,0.085978195
0.10959377,0.088040024,0.004962829,0.0031789383,0.09501947
0.014027546,0.31099328,0.00072425476,0.04003966,0.8876516
0.078556255,0.6556484,0.018216154,0.26431644,0.8673289
0.0130709205,0.4617887,0.0019703177,0.004097471,0.7072131
0.781712,0.19671851,0.9735878,0.2521594,0.8108692
0.00566183,0.041612938,0.058221303,0.007290855,0.20194706
0.002244198,0.024441961,0.011565914,0.0028916316,0.051415265
0.023175152,0.054854475,0.0021603876,0.09313488,0.6481077
0.42195296,0.005278639,0.017295077,0.016648458,0.49427336
0.082921416,0.061476775,0.014770482,0.0014994014,0.07721548
0.0065833004,0.016954757,0.0003094011,0.00045568193,0.40702212
0.0039550466,0.012066335,0.006955827,0.0014148443,0.56799084
0.94297093,0.16190156,0.041593328,0.5078954,0.98364866
0.029486045,0.7080278,0.0026311108,0.013292899,0.9004737
0.0385919,0.14891402,0.021301055,0.018485047,0.20251447
0.009379471,0.68594843,0.007266619,0.003729037,0.52745456
0.083632976,0.16467188,0.050297435,0.0015576414,0.61520284
0.05470287,0.09294667,0.0056630597,0.012104399,0.31005004
0.0323496,0.1745493,0.010041669,0.013551692,0.4373805
0.0038706227,0.027137069,0.03179357,0.0028528948,0.37298894
0.0020631785,0.0488392,0.0052175066,0.0020291575,0.08407887
0.001340743,0.01426728,0.0018700581,0.008748361,0.13433309
0.00073183107,0.015841361,0.0008614036,0.0011884177,0.1406345
0.82751685,0.6688513,0.95426893,0.0073927655,0.99693227
0.51893157,0.9442602,0.36627847,0.043527566,0.8698835
0.005333197,0.036477044,0.004307428,0.026341377,0.11751654
0.0063194856,0.01532801,0.006725782,0.007541768,0.7657749
0.0016418666,0.181615,0.013300189,0.005630011,0.69181514
0.0038888482,0.013728103,0.005800626,0.029067542,0.18115528
0.006806416,0.013669142,0.00086165976,0.0027528089,0.067848876
0.0009936629,0.28081703,0.009731876,0.006120661,0.29036298
0.53156155,0.023979025,0.98068607,0.069158964,0.9385096
0.196367,0.10824838,0.014588643,0.012244424,0.3696071
0.6464158,0.13207352,0.34654126,0.06710802,0.52027214
0.15992907,0.06857949,0.08213037,0.0065064793,0.16116266
0.02610089,0.32516208,0.018755918,0.024697902,0.25001663
0.025076326,0.0021930763,0.009752277,0.018602561,0.04569432
0.062247984,0.8294895,0.03059347,0.033858843,0.53706264
0.6170745,0.28578106,0.6640768,0.017380167,0.96446115
0.32641006,0.5576636,0.8488712,0.078042544,0.9066089
0.55114305,0.07283327,0.8602446,0.015770907,0.9914136
0.067778945,0.67007846,0.94500905,0.024228463,0.59229285
0.020910036,0.010143608,0.010381012,0.029323258,0.616634
0.020920705,0.2940623,0.024560723,0.11441448,0.8122989
0.044701923,0.36541358,0.018298844,0.0024400174,0.51499414
0.024568396,0.14710172,0.0019018296,0.03226978,0.38961837
0.92852217,0.0071060206,0.042177558,0.06972453,0.72259164
0.04254186,0.04528382,0.22011465,0.06511093,0.80307883
0.03902772,0.0029641122,0.016868321,0.004613282,0.5677672
0.0056828074,0.012369055,0.0009929966,0.23814005,0.7363615
0.0073251813,0.046596013,0.002199846,0.0034346776,0.7595868
0.015318146,0.05896016,0.012399529,0.002880789,0.15452479
0.036652897,0.003255716,0.0012593032,0.0016769575,0.46715844
0.17954229,0.15009116,0.012468745,0.018501827,0.9295997
0.027632514,0.370791,0.090303965,0.022797361,0.36313987
0.07948609,0.62098056,0.03248502,0.02955238,0.9400969
0.993565,0.11076706,0.022299904,0.18930686,0.9966325
0.030466357,0.20379092,0.0030033821,0.032942437,0.86287063
0.004365183,0.014650832,0.00071243005,0.0086578205,0.78535175
0.007489483,0.016774736,0.022560956,0.019202024,0.09077901
0.034335244,0.07271565,0.008873314,0.047125068,0.4573968
0.0689752,0.17859784,0.010553168,0.005790287,0.49593678
0.08813392,0.1242704,0.03840093,0.0367862,0.07406807
0.03785308,0.08562422,0.0019979083,0.17030528,0.7972392
0.3364181,0.25873512,0.03461495,0.048855893,0.35321173
0.023586854,0.32354236,0.015518837,0.031375073,0.70770895
0.042016983,0.07508406,0.01546807,0.004983904,0.3548728
0.004138584,0.054062765,0.017628651,0.008942742,0.33987585
0.010683951,0.031726506,0.0022815892,0.105197884,0.47455865
0.12077035,0.2659149,0.0072767013,0.012952902,0.501219
0.0056118267,0.1004678,0.014600384,0.0042435834,0.3052641
0.9352135,0.3758147,0.15285523,0.022996835,0.9437117
0.32388344,0.25558206,0.39880368,0.010557161,0.8900555
0.07688892,0.024169613,0.13947298,0.1076354,0.4791035
0.21939169,0.17124304,0.022876896,0.019095028,0.13008295
0.8094702,0.042128023,0.03269804,0.027575556,0.8694752
0.4394835,0.21034865,0.13440189,0.017212648,0.8174363
0.040595815,0.18178745,0.009249065,0.025661465,0.727218
0.02830962,0.047499306,0.0047241095,0.0013633773,0.79733074
0.0029463,0.06809131,0.00079121673,0.012600756,0.14713536
0.029069956,0.3105252,0.005732654,0.27404228,0.4912808
0.025544232,0.17947762,0.022036666,0.011436255,0.7548419
0.0055978294,0.0026235112,0.00295024,0.0010697836,0.07643389
0.18686335,0.26120332,0.0019388406,0.03637246,0.27784553
0.03759811,0.034924865,0.00026385646,0.0427882,0.2862524
0.016628321,0.007723542,0.004155478,0.0032636686,0.022428734
0.0034506314,0.020867374,0.03727919,0.027689746,0.23727857
0.3197094,0.077928424,0.34718284,0.32775944,0.7277257
0.20076755,0.13537621,0.022504658,0.012553004,0.9040955
0.03164925,0.63053375,0.09657198,0.0047517573,0.48883772
0.022104697,0.07708133,0.0184219,0.018835248,0.2959938
0.043070816,0.2429531,0.0012183192,0.00077370374,0.2133374
0.22665782,0.12374139,0.89798236,0.0027812622,0.9630128
0.010716402,0.036244847,0.0022421905,0.15950866,0.8020591
0.004833074,0.5480866,0.00028701793,0.03989198,0.6705029
0.05700436,0.0914322,0.020512573,0.016296048,0.15814623
0.03238678,0.04680146,0.003470288,0.0017644302,0.24917
0.003189051,0.07159407,0.003254372,0.047292944,0.09672256
0.06928986,0.10781867,0.0043082503,0.034966532,0.4929015
0.19140941,0.2227552,0.035315555,0.0106339175,0.8099222
0.09270468,0.45017105,0.018822903,0.032239288,0.30105782
0.009307484,0.5572693,0.07018832,0.0062969993,0.2958673
0.07489643,0.007700958,0.0029566556,0.0029221394,0.58487725
0.20535083,0.08964542,0.00988664,0.005768005,0.06862569
0.23663339,0.054533437,0.029600987,0.44464308,0.81979
0.08589132,0.032990236,0.010331916,0.10619336,0.7178078
0.016259009,0.03813903,0.76933646,0.04474986,0.96571755
0.20177521,0.35080245,0.015373597,0.013983928,0.36449566
0.0031060202,0.003906339,0.0063143973,0.012811585,0.8059113
0.0027079002,0.26618153,0.01774697,0.009781312,0.7491216
0.007869511,0.640386,0.030037511,0.009723819,0.042436775
0.2201839,0.27277,0.03079241,0.0024565018,0.096955426
0.5760384,0.10353679,0.010415187,0.043029662,0.7481446
0.04534381,0.28625607,0.0228738,0.083112806,0.76518655
0.012050856,0.23007363,0.008107029,0.008474423,0.12462969
0.003350046,0.07829305,0.027717585,0.035259027,0.6502236
0.11050588,0.12288666,0.007507155,0.027810607,0.12420422
0.093187205,0.20200998,0.015679758,0.0146228345,0.8130177
0.08145733,0.38672292,0.0017556611,0.062328793,0.25619903
0.36897114,0.076664865,0.092796795,0.005947189,0.45012534
0.2086402,0.0322074,0.3116886,0.019728513,0.9237314
0.089835376,0.33199155,0.0072382404,0.005298353,0.05823792
0.018253291,0.013166051,0.008174174,0.009528384,0.13924894
0.058570214,0.023539344,0.010592344,0.007988985,0.22638372
0.0016953367,0.005199177,0.0018695004,0.003678114,0.18623765
0.19776239,0.4531237,0.028574307,0.004775755,0.9603424
0.043206125,0.24666363,0.021980947,0.007279113,0.50357246
0.34786865,0.028094098,0.014059971,0.0026101165,0.51572746
0.2104819,0.08710668,0.010751633,0.03411909,0.35392216
0.19564866,0.19115473,0.043006107,0.042816382,0.5748966
0.008361074,0.005629499,0.0031243437,0.005894482,0.4209242
0.0097390935,0.03332471,0.0057834866,0.07472588,0.77469486
0.7958322,0.31778184,0.7868488,0.29175946,0.84682375
0.8897311,0.62323105,0.8704454,0.011225613,0.9722775
0.9999138,0.089280576,0.7536968,0.10439841,0.9808156
0.6655985,0.03790045,0.35200393,0.435113,0.6390058
0.028660117,0.31651738,0.0050668665,0.06678592,0.48031548
0.008057188,0.29611045,0.0048893183,0.0007977312,0.31426966
0.013349626,0.1264687,0.009273418,0.0021324006,0.5632844
0.0015184957,0.04456633,0.0009094805,0.00043089356,0.070516504
0.0021356135,0.32704005,0.0015253637,0.004998823,0.4753756
0.12026474,0.065470435,0.00025925093,0.004213653,0.757732
0.0047993856,0.118491195,0.007992073,0.012224348,0.41311243
0.038723044,0.027941233,0.0034463382,0.01666486,0.2147889
0.0049327863,0.19766769,0.0028505411,0.014644651,0.052253332
0.039849848,0.03270123,0.0032251428,0.0035595938,0.11179344
0.06292095,0.54393005,0.010372527,0.17881201,0.45145175
0.32389852,0.015686,0.09479752,0.046208955,0.30873588
0.01789634,0.27929315,0.087648876,0.09762595,0.785112
0.032516647,0.7574877,0.046923637,0.03320968,0.6310246
0.16801402,0.5578594,0.043794293,0.10257213,0.24322528
0.022539819,0.015054213,0.07506088,0.551583,0.55252934
0.010154601,0.028934412,0.007638392,0.0012374736,0.4029602
0.120589264,0.08029527,0.002733343,0.0065880143,0.32975757
0.011533193,0.022558877,0.0076908823,0.019589165,0.3665662
0.0015660655,0.028840095,0.0077043404,0.007944764,0.43321836
0.0027598513,0.014034334,0.0018004718,0.010123342,0.48401684
0.00659894,0.12464401,0.00056321267,0.0034422725,0.56227225
0.046320055,0.25514036,0.013580374,0.0077335113,0.8101499
0.02523799,0.20206502,0.032858,0.04698223,0.6925928
0.026953226,0.35656008,0.0070918603,0.06506292,0.8972944
0.0039039594,0.16604409,0.2873068,0.16448808,0.91446733
0.15800215,0.3260599,0.001023295,0.0014142091,0.3913594
0.13920122,0.5866211,0.022245653,0.122275785,0.9063444
0.2755677,0.15714538,0.31909078,0.020097846,0.35926354
0.027991882,0.21885215,0.001581119,0.030895049,0.8379509
0.00095953577,0.27553338,0.00064152887,0.09686872,0.4701228
0.0063871224,0.0255939,0.0063066413,0.006301823,0.6561388
0.017591018,0.011595285,0.004611697,0.011154517,0.6596341
0.25785366,0.058469173,0.006827685,0.006880975,0.98603463
0.125968,0.21220453,0.5720191,0.02124638,0.7969965
0.4634797,0.87835896,0.681094,0.24474147,0.89086884
0.0023225637,0.041688845,0.004684643,0.0029288367,0.27766436
0.24080063,0.07440324,0.00399112,0.014854624,0.96284676
0.035398304,0.10597192,0.011637024,0.009751955,0.57489
0.0010937429,0.006372408,0.00058700785,0.008885954,0.7518159
0.018257845,0.19416498,0.0059615686,0.00580748,0.44355434
0.0023924864,0.08843537,0.05143324,0.23874317,0.22879551
0.10628858,0.032554682,0.0061198627,0.002761483,0.32537356
0.08708257,0.24941842,0.029469362,0.1015411,0.75757223
0.02533253,0.58132434,0.012004087,0.008222764,0.5981704
0.029945118,0.3674969,0.00084680365,0.0029250528,0.8694803
0.07299301,0.044639297,0.00041215913,0.0008157402,0.45801216
0.025433134,0.16685478,0.002656913,0.023051476,0.23431762
0.00079708156,0.17656602,0.00074668264,0.020823387,0.04855179
0.004620849,0.10431731,0.007725545,0.0042261137,0.2841325
0.7127542,0.5706473,0.70642644,0.83490795,0.99229515
0.7579984,0.35203037,0.114582226,0.009025818,0.9924731
0.9592349,0.035107628,0.7059622,0.0037597371,0.9308784
0.08729933,0.56274617,0.88389367,0.018808914,0.7362118
0.004375354,0.012771687,0.28264567,0.010175861,0.72181857
0.07445876,0.09442699,0.04216377,0.1148737,0.510873
0.92663634,0.3616555,0.6420495,0.009303405,0.8553963
0.09303726,0.09941272,0.01980325,0.026218802,0.93311256
0.33732638,0.07523963,0.4716035,0.0037015106,0.9007796
0.15952688,0.117580414,0.07245638,0.2024015,0.82112765
0.35050616,0.08274469,0.028686257,0.019681165,0.7252047
0.012501532,0.31598678,0.005476573,0.011824921,0.50641453
0.022695081,0.36168626,0.0151443705,0.17965224,0.058278654
0.3912157,0.3860021,0.008017832,0.091105014,0.30463377
0.9986318,0.66365874,0.43626663,0.733433,0.9776307
0.5676416,0.0075370967,0.20012379,0.004095889,0.9118101
0.3314073,0.19692153,0.027704755,0.054471295,0.86203355
0.020945365,0.31848606,0.00463285,0.022615215,0.5877377
0.6882459,0.42813626,0.2505306,0.2194594,0.7086667
0.0015814196,0.0060757827,0.0051848926,0.0036456806,0.2602638
0.015137402,0.18744145,0.0040784557,0.0048857816,0.41046238
0.04382481,0.14802445,0.04889001,0.0018961591,0.65801007
0.017326884,0.033092376,0.065639175,0.058310967,0.95658165
0.9972051,0.15403803,0.7398952,0.21468578,0.98457193
