antibiotic,auroc,f1,split,order_name,hamming_loss,jaccard_score,all_zero_frac,seed
Penicillin,0.7526881236266705,0.8448956570783982,random_seed0,option_a,0.15909943714821764,0.5664790494058786,0.06848030018761726,0
Erythromycin,0.7414203316510455,0.1073170731707317,random_seed0,option_a,0.15909943714821764,0.5664790494058786,0.06848030018761726,0
Clindamycin,0.5623491138197021,0.11180124223602485,random_seed0,option_a,0.15909943714821764,0.5664790494058786,0.06848030018761726,0
Oxacillin,0.9000544662309369,0.6666666666666666,random_seed0,option_a,0.15909943714821764,0.5664790494058786,0.06848030018761726,0
Ciprofloxacin,0.7785087276763192,0.3627450980392157,random_seed0,option_a,0.15909943714821764,0.5664790494058786,0.06848030018761726,0
Oxacillin,0.9103867102396515,0.6588235294117647,random_seed0,misseeded_oxacillin,0.15834896810506566,0.5400406504065042,0.13696060037523453,0
Erythromycin,0.7151345830329248,0.18604651162790697,random_seed0,misseeded_oxacillin,0.15834896810506566,0.5400406504065042,0.13696060037523453,0
Clindamycin,0.5938806453512336,0.18823529411764706,random_seed0,misseeded_oxacillin,0.15834896810506566,0.5400406504065042,0.13696060037523453,0
Penicillin,0.749477684521451,0.8336272780717225,random_seed0,misseeded_oxacillin,0.15834896810506566,0.5400406504065042,0.13696060037523453,0
Ciprofloxacin,0.781495308243366,0.35294117647058826,random_seed0,misseeded_oxacillin,0.15834896810506566,0.5400406504065042,0.13696060037523453,0
Ciprofloxacin,0.8121212121212121,0.4253393665158371,random_seed0,misseeded_ciprofloxacin,0.16153846153846155,0.5384771732332708,0.1378986866791745,0
Erythromycin,0.7033946166786831,0.05970149253731343,random_seed0,misseeded_ciprofloxacin,0.16153846153846155,0.5384771732332708,0.1378986866791745,0
Clindamycin,0.5428295943001826,0.02564102564102564,random_seed0,misseeded_ciprofloxacin,0.16153846153846155,0.5384771732332708,0.1378986866791745,0
Oxacillin,0.900495642701525,0.6878612716763006,random_seed0,misseeded_ciprofloxacin,0.16153846153846155,0.5384771732332708,0.1378986866791745,0
Penicillin,0.7474604661215374,0.8324514991181657,random_seed0,misseeded_ciprofloxacin,0.16153846153846155,0.5384771732332708,0.1378986866791745,0
Ciprofloxacin,0.8121212121212121,0.4253393665158371,random_seed0,misseeded_cipro_pen2,0.15872420262664166,0.5567385866166354,0.09849906191369606,0
Penicillin,0.7413412701271568,0.8433734939759037,random_seed0,misseeded_cipro_pen2,0.15872420262664166,0.5567385866166354,0.09849906191369606,0
Erythromycin,0.7033946166786831,0.05970149253731343,random_seed0,misseeded_cipro_pen2,0.15872420262664166,0.5567385866166354,0.09849906191369606,0
Clindamycin,0.5428295943001826,0.02564102564102564,random_seed0,misseeded_cipro_pen2,0.15872420262664166,0.5567385866166354,0.09849906191369606,0
Oxacillin,0.898611111111111,0.7025495750708215,random_seed0,misseeded_cipro_pen2,0.15872420262664166,0.5567385866166354,0.09849906191369606,0
Penicillin,0.729136639625171,0.8425287356321839,random_seed1,option_a,0.15778611632270167,0.5579111944965603,0.10694183864915573,1
Erythromycin,0.7008825501961551,0.10377358490566038,random_seed1,option_a,0.15778611632270167,0.5579111944965603,0.10694183864915573,1
Clindamycin,0.5285373154407561,0.10989010989010989,random_seed1,option_a,0.15778611632270167,0.5579111944965603,0.10694183864915573,1
Oxacillin,0.8943403190525041,0.712707182320442,random_seed1,option_a,0.15778611632270167,0.5579111944965603,0.10694183864915573,1
Ciprofloxacin,0.8061755874990466,0.47393364928909953,random_seed1,option_a,0.15778611632270167,0.5579111944965603,0.10694183864915573,1
Oxacillin,0.8997682282761503,0.6878612716763006,random_seed1,misseeded_oxacillin,0.15384615384615385,0.5499687304565353,0.14540337711069418,1
Erythromycin,0.6893150294677991,0.25217391304347825,random_seed1,misseeded_oxacillin,0.15384615384615385,0.5499687304565353,0.14540337711069418,1
Clindamycin,0.5561430060875121,0.2222222222222222,random_seed1,misseeded_oxacillin,0.15384615384615385,0.5499687304565353,0.14540337711069418,1
Penicillin,0.743837879141444,0.8362779740871613,random_seed1,misseeded_oxacillin,0.15384615384615385,0.5499687304565353,0.14540337711069418,1
Ciprofloxacin,0.8036654115787065,0.5045871559633027,random_seed1,misseeded_oxacillin,0.15384615384615385,0.5499687304565353,0.14540337711069418,1
Ciprofloxacin,0.7760534764549658,0.42790697674418604,random_seed1,misseeded_ciprofloxacin,0.15872420262664166,0.542995622263915,0.14446529080675422,1
Erythromycin,0.7181715126803531,0.12440191387559808,random_seed1,misseeded_ciprofloxacin,0.15872420262664166,0.542995622263915,0.14446529080675422,1
Clindamycin,0.5429320956512965,0.13333333333333333,random_seed1,misseeded_ciprofloxacin,0.15872420262664166,0.542995622263915,0.14446529080675422,1
Oxacillin,0.8922017228183876,0.6923076923076923,random_seed1,misseeded_ciprofloxacin,0.15872420262664166,0.542995622263915,0.14446529080675422,1
Penicillin,0.7387864728464033,0.8349056603773585,random_seed1,misseeded_ciprofloxacin,0.15872420262664166,0.542995622263915,0.14446529080675422,1
Ciprofloxacin,0.7760534764549658,0.42790697674418604,random_seed1,misseeded_cipro_pen2,0.1574108818011257,0.5595684803001876,0.10318949343339587,1
Penicillin,0.7135568946662825,0.8463302752293578,random_seed1,misseeded_cipro_pen2,0.1574108818011257,0.5595684803001876,0.10318949343339587,1
Erythromycin,0.7181715126803531,0.12440191387559808,random_seed1,misseeded_cipro_pen2,0.1574108818011257,0.5595684803001876,0.10318949343339587,1
Clindamycin,0.5429320956512965,0.13333333333333333,random_seed1,misseeded_cipro_pen2,0.1574108818011257,0.5595684803001876,0.10318949343339587,1
Oxacillin,0.8873654557001188,0.6858789625360231,random_seed1,misseeded_cipro_pen2,0.1574108818011257,0.5595684803001876,0.10318949343339587,1
Penicillin,0.7632361689470555,0.8501702610669694,random_seed2,option_a,0.15816135084427768,0.5613039399624765,0.07692307692307693,2
Erythromycin,0.6768511730205278,0.1619047619047619,random_seed2,option_a,0.15816135084427768,0.5613039399624765,0.07692307692307693,2
Clindamycin,0.5885308276050535,0.1452513966480447,random_seed2,option_a,0.15816135084427768,0.5613039399624765,0.07692307692307693,2
Oxacillin,0.8881036266165405,0.7021276595744681,random_seed2,option_a,0.15816135084427768,0.5613039399624765,0.07692307692307693,2
Ciprofloxacin,0.7665138519175787,0.4051724137931034,random_seed2,option_a,0.15816135084427768,0.5613039399624765,0.07692307692307693,2
Oxacillin,0.9005843961502314,0.7311827956989247,random_seed2,misseeded_oxacillin,0.15572232645403378,0.5417135709818637,0.13602251407129456,2
Erythromycin,0.6943487292277615,0.23008849557522124,random_seed2,misseeded_oxacillin,0.15572232645403378,0.5417135709818637,0.13602251407129456,2
Clindamycin,0.616061606160616,0.2268041237113402,random_seed2,misseeded_oxacillin,0.15572232645403378,0.5417135709818637,0.13602251407129456,2
Penicillin,0.7565493149888404,0.840117994100295,random_seed2,misseeded_oxacillin,0.15572232645403378,0.5417135709818637,0.13602251407129456,2
Ciprofloxacin,0.7663906142167013,0.43037974683544306,random_seed2,misseeded_oxacillin,0.15572232645403378,0.5417135709818637,0.13602251407129456,2
Ciprofloxacin,0.7947660948437347,0.34782608695652173,random_seed2,misseeded_ciprofloxacin,0.16435272045028143,0.525750469043152,0.14071294559099437,2
Erythromycin,0.6809261974584555,0.09,random_seed2,misseeded_ciprofloxacin,0.16435272045028143,0.525750469043152,0.14071294559099437,2
Clindamycin,0.5798700889197199,0.10526315789473684,random_seed2,misseeded_ciprofloxacin,0.16435272045028143,0.525750469043152,0.14071294559099437,2
Oxacillin,0.8902668899938566,0.6589595375722543,random_seed2,misseeded_ciprofloxacin,0.16435272045028143,0.525750469043152,0.14071294559099437,2
Penicillin,0.7511059027700124,0.8387477849970466,random_seed2,misseeded_ciprofloxacin,0.16435272045028143,0.525750469043152,0.14071294559099437,2
Ciprofloxacin,0.7947660948437347,0.34782608695652173,random_seed2,misseeded_cipro_pen2,0.16679174484052534,0.5384615384615384,0.09568480300187618,2
Penicillin,0.7439807132346035,0.8353413654618473,random_seed2,misseeded_cipro_pen2,0.16679174484052534,0.5384615384615384,0.09568480300187618,2
Erythromycin,0.6809261974584555,0.09,random_seed2,misseeded_cipro_pen2,0.16679174484052534,0.5384615384615384,0.09568480300187618,2
Clindamycin,0.5798700889197199,0.10526315789473684,random_seed2,misseeded_cipro_pen2,0.16679174484052534,0.5384615384615384,0.09568480300187618,2
Oxacillin,0.882501194520433,0.6759002770083102,random_seed2,misseeded_cipro_pen2,0.16679174484052534,0.5384615384615384,0.09568480300187618,2
Penicillin,0.726778967254408,0.855031267765776,random_seed3,option_a,0.1553470919324578,0.573686679174484,0.09380863039399624,3
Erythromycin,0.6880480835550301,0.19574468085106383,random_seed3,option_a,0.1553470919324578,0.573686679174484,0.09380863039399624,3
Clindamycin,0.6091476934725002,0.21105527638190955,random_seed3,option_a,0.1553470919324578,0.573686679174484,0.09380863039399624,3
Oxacillin,0.9153718602223178,0.7113702623906706,random_seed3,option_a,0.1553470919324578,0.573686679174484,0.09380863039399624,3
Ciprofloxacin,0.7233748852592266,0.35353535353535354,random_seed3,option_a,0.1553470919324578,0.573686679174484,0.09380863039399624,3
Oxacillin,0.9291732035083996,0.7218934911242604,random_seed3,misseeded_oxacillin,0.16078799249530956,0.5368824265165728,0.16322701688555347,3
Erythromycin,0.6893058139602279,0.211864406779661,random_seed3,misseeded_oxacillin,0.16078799249530956,0.5368824265165728,0.16322701688555347,3
Clindamycin,0.6074914823427614,0.20202020202020202,random_seed3,misseeded_oxacillin,0.16078799249530956,0.5368824265165728,0.16322701688555347,3
Penicillin,0.7403342161801748,0.8256227758007118,random_seed3,misseeded_oxacillin,0.16078799249530956,0.5368824265165728,0.16322701688555347,3
Ciprofloxacin,0.7240545710622017,0.358974358974359,random_seed3,misseeded_oxacillin,0.16078799249530956,0.5368824265165728,0.16322701688555347,3
Ciprofloxacin,0.7492800235437556,0.38,random_seed3,misseeded_ciprofloxacin,0.16266416510318948,0.5311131957473421,0.16416510318949343,3
Erythromycin,0.6589406084633085,0.18584070796460178,random_seed3,misseeded_ciprofloxacin,0.16266416510318948,0.5311131957473421,0.16416510318949343,3
Clindamycin,0.6046995835812016,0.17204301075268819,random_seed3,misseeded_ciprofloxacin,0.16266416510318948,0.5311131957473421,0.16416510318949343,3
Oxacillin,0.9047026179004315,0.6561514195583596,random_seed3,misseeded_ciprofloxacin,0.16266416510318948,0.5311131957473421,0.16416510318949343,3
Penicillin,0.7397160690472664,0.8242280285035629,random_seed3,misseeded_ciprofloxacin,0.16266416510318948,0.5311131957473421,0.16416510318949343,3
Ciprofloxacin,0.7492800235437556,0.38,random_seed3,misseeded_cipro_pen2,0.15422138836772983,0.5692307692307692,0.10412757973733583,3
Penicillin,0.7427095680841607,0.8558352402745996,random_seed3,misseeded_cipro_pen2,0.15422138836772983,0.5692307692307692,0.10412757973733583,3
Erythromycin,0.6729205427367518,0.168141592920354,random_seed3,misseeded_cipro_pen2,0.15422138836772983,0.5692307692307692,0.10412757973733583,3
Clindamycin,0.6031853334054406,0.16042780748663102,random_seed3,misseeded_cipro_pen2,0.15422138836772983,0.5692307692307692,0.10412757973733583,3
Oxacillin,0.9250249842278339,0.7002967359050445,random_seed3,misseeded_cipro_pen2,0.15422138836772983,0.5692307692307692,0.10412757973733583,3
Penicillin,0.7372811171660879,0.8394781622234827,random_seed4,option_a,0.15722326454033772,0.5763133208255159,0.08630393996247655,4
Erythromycin,0.7311772625280478,0.14084507042253522,random_seed4,option_a,0.15722326454033772,0.5763133208255159,0.08630393996247655,4
Clindamycin,0.5781993071671208,0.14130434782608695,random_seed4,option_a,0.15722326454033772,0.5763133208255159,0.08630393996247655,4
Oxacillin,0.8945533769063181,0.7209302325581395,random_seed4,option_a,0.15722326454033772,0.5763133208255159,0.08630393996247655,4
Ciprofloxacin,0.7762233640517846,0.4380952380952381,random_seed4,option_a,0.15722326454033772,0.5763133208255159,0.08630393996247655,4
Oxacillin,0.9000381263616558,0.7130434782608696,random_seed4,misseeded_oxacillin,0.15196998123827393,0.5641494684177611,0.13227016885553472,4
Erythromycin,0.7349349289454001,0.2171945701357466,random_seed4,misseeded_oxacillin,0.15196998123827393,0.5641494684177611,0.13227016885553472,4
Clindamycin,0.6153970335990313,0.20430107526881722,random_seed4,misseeded_oxacillin,0.15196998123827393,0.5641494684177611,0.13227016885553472,4
Penicillin,0.7433299931824318,0.8371278458844134,random_seed4,misseeded_oxacillin,0.15196998123827393,0.5641494684177611,0.13227016885553472,4
Ciprofloxacin,0.7736854513809436,0.48847926267281105,random_seed4,misseeded_oxacillin,0.15196998123827393,0.5641494684177611,0.13227016885553472,4
Ciprofloxacin,0.7775512609820198,0.4444444444444444,random_seed4,misseeded_ciprofloxacin,0.16022514071294558,0.5524702939337085,0.13133208255159476,4
Erythromycin,0.7292864622288706,0.07920792079207921,random_seed4,misseeded_ciprofloxacin,0.16022514071294558,0.5524702939337085,0.13133208255159476,4
Clindamycin,0.5624255877308042,0.06976744186046512,random_seed4,misseeded_ciprofloxacin,0.16022514071294558,0.5524702939337085,0.13133208255159476,4
Oxacillin,0.9013071895424836,0.6706586826347305,random_seed4,misseeded_ciprofloxacin,0.16022514071294558,0.5524702939337085,0.13133208255159476,4
Penicillin,0.7388322283382063,0.8378063010501751,random_seed4,misseeded_ciprofloxacin,0.16022514071294558,0.5524702939337085,0.13133208255159476,4
Ciprofloxacin,0.7775512609820198,0.4444444444444444,random_seed4,misseeded_cipro_pen2,0.16022514071294558,0.5627892432770482,0.10881801125703565,4
Penicillin,0.7321793798300641,0.8377445339470656,random_seed4,misseeded_cipro_pen2,0.16022514071294558,0.5627892432770482,0.10881801125703565,4
Erythromycin,0.75264023934181,0.0970873786407767,random_seed4,misseeded_cipro_pen2,0.16022514071294558,0.5627892432770482,0.10881801125703565,4
Clindamycin,0.5675579322638147,0.0898876404494382,random_seed4,misseeded_cipro_pen2,0.16022514071294558,0.5627892432770482,0.10881801125703565,4
Oxacillin,0.879569716775599,0.7028571428571428,random_seed4,misseeded_cipro_pen2,0.16022514071294558,0.5627892432770482,0.10881801125703565,4
Penicillin,0.7477305788558906,0.8571428571428571,random_seed5,option_a,0.15159474671669793,0.5802376485303314,0.0975609756097561,5
Erythromycin,0.7101774231135016,0.1568627450980392,random_seed5,option_a,0.15159474671669793,0.5802376485303314,0.0975609756097561,5
Clindamycin,0.5322404371584699,0.10285714285714286,random_seed5,option_a,0.15159474671669793,0.5802376485303314,0.0975609756097561,5
Oxacillin,0.8953553380773259,0.7247956403269755,random_seed5,option_a,0.15159474671669793,0.5802376485303314,0.0975609756097561,5
Ciprofloxacin,0.7831891973903807,0.42201834862385323,random_seed5,option_a,0.15159474671669793,0.5802376485303314,0.0975609756097561,5
Oxacillin,0.8974342273099826,0.7005649717514124,random_seed5,misseeded_oxacillin,0.1529080675422139,0.5397592245153221,0.18292682926829268,5
Erythromycin,0.7172126243126979,0.1990521327014218,random_seed5,misseeded_oxacillin,0.1529080675422139,0.5397592245153221,0.18292682926829268,5
Clindamycin,0.5550175514783049,0.18681318681318682,random_seed5,misseeded_oxacillin,0.1529080675422139,0.5397592245153221,0.18292682926829268,5
Penicillin,0.7413332199803521,0.8433014354066986,random_seed5,misseeded_oxacillin,0.1529080675422139,0.5397592245153221,0.18292682926829268,5
Ciprofloxacin,0.7828725600786315,0.3925233644859813,random_seed5,misseeded_oxacillin,0.1529080675422139,0.5397592245153221,0.18292682926829268,5
Ciprofloxacin,0.7902277809661395,0.37037037037037035,random_seed5,misseeded_ciprofloxacin,0.15403377110694183,0.541963727329581,0.17823639774859287,5
Erythromycin,0.6847007992542813,0.12060301507537688,random_seed5,misseeded_ciprofloxacin,0.15403377110694183,0.541963727329581,0.17823639774859287,5
Clindamycin,0.5302717764991134,0.11695906432748537,random_seed5,misseeded_ciprofloxacin,0.15403377110694183,0.541963727329581,0.17823639774859287,5
Oxacillin,0.8820841000255112,0.7106017191977078,random_seed5,misseeded_ciprofloxacin,0.15403377110694183,0.541963727329581,0.17823639774859287,5
Penicillin,0.7449841305826344,0.8460620525059666,random_seed5,misseeded_ciprofloxacin,0.15403377110694183,0.541963727329581,0.17823639774859287,5
Ciprofloxacin,0.7902277809661395,0.37037037037037035,random_seed5,misseeded_cipro_pen2,0.1525328330206379,0.577110694183865,0.10131332082551595,5
Penicillin,0.7676948726668178,0.8589306029579067,random_seed5,misseeded_cipro_pen2,0.1525328330206379,0.577110694183865,0.10131332082551595,5
Erythromycin,0.6847007992542813,0.12060301507537688,random_seed5,misseeded_cipro_pen2,0.1525328330206379,0.577110694183865,0.10131332082551595,5
Clindamycin,0.5302717764991134,0.11695906432748537,random_seed5,misseeded_cipro_pen2,0.1525328330206379,0.577110694183865,0.10131332082551595,5
Oxacillin,0.8822957884852334,0.7082152974504249,random_seed5,misseeded_cipro_pen2,0.1525328330206379,0.577110694183865,0.10131332082551595,5
Penicillin,0.7533964921846602,0.851915380217267,random_seed6,option_a,0.15909943714821764,0.5650250156347717,0.09662288930581614,6
Erythromycin,0.7359065122044242,0.11267605633802817,random_seed6,option_a,0.15909943714821764,0.5650250156347717,0.09662288930581614,6
Clindamycin,0.56029322843419,0.09836065573770492,random_seed6,option_a,0.15909943714821764,0.5650250156347717,0.09662288930581614,6
Oxacillin,0.9277624781179283,0.7068493150684931,random_seed6,option_a,0.15909943714821764,0.5650250156347717,0.09662288930581614,6
Ciprofloxacin,0.7857275426874535,0.41284403669724773,random_seed6,option_a,0.15909943714821764,0.5650250156347717,0.09662288930581614,6
Oxacillin,0.9369155885743563,0.717948717948718,random_seed6,misseeded_oxacillin,0.15347091932457785,0.5493746091307068,0.13696060037523453,6
Erythromycin,0.6908431064073226,0.25217391304347825,random_seed6,misseeded_oxacillin,0.15347091932457785,0.5493746091307068,0.13696060037523453,6
Clindamycin,0.6017569247701935,0.24615384615384617,random_seed6,misseeded_oxacillin,0.15347091932457785,0.5493746091307068,0.13696060037523453,6
Penicillin,0.7460559796437659,0.8387096774193549,random_seed6,misseeded_oxacillin,0.15347091932457785,0.5493746091307068,0.13696060037523453,6
Ciprofloxacin,0.7830894050270443,0.4292237442922374,random_seed6,misseeded_oxacillin,0.15347091932457785,0.5493746091307068,0.13696060037523453,6
Ciprofloxacin,0.7800535581715983,0.410958904109589,random_seed6,misseeded_ciprofloxacin,0.16097560975609757,0.5395716072545341,0.1378986866791745,6
Erythromycin,0.7167119565217391,0.07920792079207921,random_seed6,misseeded_ciprofloxacin,0.16097560975609757,0.5395716072545341,0.1378986866791745,6
Clindamycin,0.5620528707987689,0.09248554913294797,random_seed6,misseeded_ciprofloxacin,0.16097560975609757,0.5395716072545341,0.1378986866791745,6
Oxacillin,0.9271593868750266,0.6949152542372882,random_seed6,misseeded_ciprofloxacin,0.16097560975609757,0.5395716072545341,0.1378986866791745,6
Penicillin,0.7429162122864413,0.8368544600938967,random_seed6,misseeded_ciprofloxacin,0.16097560975609757,0.5395716072545341,0.1378986866791745,6
Ciprofloxacin,0.7800535581715983,0.410958904109589,random_seed6,misseeded_cipro_pen2,0.1545966228893058,0.5697467166979362,0.09287054409005628,6
Penicillin,0.7400763358778626,0.8522532800912721,random_seed6,misseeded_cipro_pen2,0.1545966228893058,0.5697467166979362,0.09287054409005628,6
Erythromycin,0.7024277745995422,0.11650485436893204,random_seed6,misseeded_cipro_pen2,0.1545966228893058,0.5697467166979362,0.09287054409005628,6
Clindamycin,0.5741869297298032,0.13559322033898305,random_seed6,misseeded_cipro_pen2,0.1545966228893058,0.5697467166979362,0.09287054409005628,6
Oxacillin,0.9295610776653431,0.7292225201072386,random_seed6,misseeded_cipro_pen2,0.1545966228893058,0.5697467166979362,0.09287054409005628,6
Penicillin,0.7397551592402171,0.8410138248847926,random_seed7,option_a,0.1549718574108818,0.5560975609756097,0.10037523452157598,7
Erythromycin,0.7192086749671018,0.12,random_seed7,option_a,0.1549718574108818,0.5560975609756097,0.10037523452157598,7
Clindamycin,0.5796238551458183,0.12048192771084337,random_seed7,option_a,0.1549718574108818,0.5560975609756097,0.10037523452157598,7
Oxacillin,0.9017999140339565,0.7028571428571428,random_seed7,option_a,0.1549718574108818,0.5560975609756097,0.10037523452157598,7
Ciprofloxacin,0.7709831810069764,0.4095238095238095,random_seed7,option_a,0.1549718574108818,0.5560975609756097,0.10037523452157598,7
Oxacillin,0.9162153449387492,0.6588235294117647,random_seed7,misseeded_oxacillin,0.15440900562851784,0.5328330206378987,0.15947467166979362,7
Erythromycin,0.7270599250936329,0.18536585365853658,random_seed7,misseeded_oxacillin,0.15440900562851784,0.5328330206378987,0.15947467166979362,7
Clindamycin,0.6036507290913473,0.20118343195266272,random_seed7,misseeded_oxacillin,0.15440900562851784,0.5328330206378987,0.15947467166979362,7
Penicillin,0.7393668773207656,0.8320382546323969,random_seed7,misseeded_oxacillin,0.15440900562851784,0.5328330206378987,0.15947467166979362,7
Ciprofloxacin,0.771044021415824,0.40384615384615385,random_seed7,misseeded_oxacillin,0.15440900562851784,0.5328330206378987,0.15947467166979362,7
Ciprofloxacin,0.7844221513168569,0.3867924528301887,random_seed7,misseeded_ciprofloxacin,0.15834896810506566,0.5270012507817385,0.16135084427767354,7
Erythromycin,0.7192656139285353,0.15,random_seed7,misseeded_ciprofloxacin,0.15834896810506566,0.5270012507817385,0.16135084427767354,7
Clindamycin,0.5899049469751747,0.15757575757575756,random_seed7,misseeded_ciprofloxacin,0.15834896810506566,0.5270012507817385,0.16135084427767354,7
Oxacillin,0.8971631205673759,0.6238532110091743,random_seed7,misseeded_ciprofloxacin,0.15834896810506566,0.5270012507817385,0.16135084427767354,7
Penicillin,0.7404870929734362,0.8311377245508982,random_seed7,misseeded_ciprofloxacin,0.15834896810506566,0.5270012507817385,0.16135084427767354,7
Ciprofloxacin,0.7844221513168569,0.3867924528301887,random_seed7,misseeded_cipro_pen2,0.15384615384615385,0.5527517198248906,0.10881801125703565,7
Penicillin,0.7525082119394458,0.8447276940903824,random_seed7,misseeded_cipro_pen2,0.15384615384615385,0.5527517198248906,0.10881801125703565,7
Erythromycin,0.7192656139285353,0.15,random_seed7,misseeded_cipro_pen2,0.15384615384615385,0.5527517198248906,0.10881801125703565,7
Clindamycin,0.5899049469751747,0.15757575757575756,random_seed7,misseeded_cipro_pen2,0.15384615384615385,0.5527517198248906,0.10881801125703565,7
Oxacillin,0.902229744251021,0.672463768115942,random_seed7,misseeded_cipro_pen2,0.15384615384615385,0.5527517198248906,0.10881801125703565,7
Penicillin,0.7213376367222522,0.8239355581127733,random_seed8,option_a,0.16022514071294558,0.5481081926203877,0.10131332082551595,8
Erythromycin,0.7010847755204415,0.12060301507537688,random_seed8,option_a,0.16022514071294558,0.5481081926203877,0.10131332082551595,8
Clindamycin,0.5382766981507618,0.14201183431952663,random_seed8,option_a,0.16022514071294558,0.5481081926203877,0.10131332082551595,8
Oxacillin,0.8969461167328466,0.7082152974504249,random_seed8,option_a,0.16022514071294558,0.5481081926203877,0.10131332082551595,8
Ciprofloxacin,0.7274417284084149,0.3961352657004831,random_seed8,option_a,0.16022514071294558,0.5481081926203877,0.10131332082551595,8
Oxacillin,0.9001857307544512,0.6894586894586895,random_seed8,misseeded_oxacillin,0.15928705440900562,0.5288774233896185,0.16604127579737335,8
Erythromycin,0.6829947328818661,0.1743119266055046,random_seed8,misseeded_oxacillin,0.15928705440900562,0.5288774233896185,0.16604127579737335,8
Clindamycin,0.5469619657655701,0.17204301075268819,random_seed8,misseeded_oxacillin,0.15928705440900562,0.5288774233896185,0.16604127579737335,8
Penicillin,0.7451138604984759,0.8328340323547034,random_seed8,misseeded_oxacillin,0.15928705440900562,0.5288774233896185,0.16604127579737335,8
Ciprofloxacin,0.7284219349954032,0.3804878048780488,random_seed8,misseeded_oxacillin,0.15928705440900562,0.5288774233896185,0.16604127579737335,8
Ciprofloxacin,0.7919663620139528,0.3904761904761905,random_seed8,misseeded_ciprofloxacin,0.15816135084427768,0.5277048155096935,0.16791744840525327,8
Erythromycin,0.7287873087534487,0.11224489795918367,random_seed8,misseeded_ciprofloxacin,0.15816135084427768,0.5277048155096935,0.16791744840525327,8
Clindamycin,0.5421705931314009,0.13333333333333333,random_seed8,misseeded_ciprofloxacin,0.15816135084427768,0.5277048155096935,0.16791744840525327,8
Oxacillin,0.8957826309722045,0.6463414634146342,random_seed8,misseeded_ciprofloxacin,0.15816135084427768,0.5277048155096935,0.16791744840525327,8
Penicillin,0.7432176797561414,0.8307322929171669,random_seed8,misseeded_ciprofloxacin,0.15816135084427768,0.5277048155096935,0.16791744840525327,8
Ciprofloxacin,0.7919663620139528,0.3904761904761905,random_seed8,misseeded_cipro_pen2,0.16116322701688554,0.5437148217636023,0.11163227016885553,8
Penicillin,0.7187511206741976,0.828505214368482,random_seed8,misseeded_cipro_pen2,0.16116322701688554,0.5437148217636023,0.11163227016885553,8
Erythromycin,0.7134562327564585,0.10309278350515463,random_seed8,misseeded_cipro_pen2,0.16116322701688554,0.5437148217636023,0.11163227016885553,8
Clindamycin,0.5289834618029168,0.12195121951219512,random_seed8,misseeded_cipro_pen2,0.16116322701688554,0.5437148217636023,0.11163227016885553,8
Oxacillin,0.8712426881858161,0.6548672566371682,random_seed8,misseeded_cipro_pen2,0.16116322701688554,0.5437148217636023,0.11163227016885553,8
Penicillin,0.739058564231738,0.8492063492063492,random_seed9,option_a,0.15084427767354597,0.5732176360225141,0.0900562851782364,9
Erythromycin,0.7348294390219855,0.12682926829268293,random_seed9,option_a,0.15084427767354597,0.5732176360225141,0.0900562851782364,9
Clindamycin,0.5621774966455817,0.12422360248447205,random_seed9,option_a,0.15084427767354597,0.5732176360225141,0.0900562851782364,9
Oxacillin,0.909807491499103,0.7025495750708215,random_seed9,option_a,0.15084427767354597,0.5732176360225141,0.0900562851782364,9
Ciprofloxacin,0.7696288209606986,0.4083769633507853,random_seed9,option_a,0.15084427767354597,0.5732176360225141,0.0900562851782364,9
Oxacillin,0.9060537096040054,0.6723646723646723,random_seed9,misseeded_oxacillin,0.14896810506566605,0.5635866166353971,0.1294559099437148,9
Erythromycin,0.7054187617075816,0.18009478672985782,random_seed9,misseeded_oxacillin,0.14896810506566605,0.5635866166353971,0.1294559099437148,9
Clindamycin,0.5854475752348094,0.16666666666666666,random_seed9,misseeded_oxacillin,0.14896810506566605,0.5635866166353971,0.1294559099437148,9
Penicillin,0.7718226774336938,0.8546511627906976,random_seed9,misseeded_oxacillin,0.14896810506566605,0.5635866166353971,0.1294559099437148,9
Ciprofloxacin,0.7663755458515283,0.3958333333333333,random_seed9,misseeded_oxacillin,0.14896810506566605,0.5635866166353971,0.1294559099437148,9
Ciprofloxacin,0.7633988355167395,0.43349753694581283,random_seed9,misseeded_ciprofloxacin,0.14709193245778612,0.5635866166353971,0.1303939962476548,9
Erythromycin,0.7009205856255546,0.1477832512315271,random_seed9,misseeded_ciprofloxacin,0.14709193245778612,0.5635866166353971,0.1303939962476548,9
Clindamycin,0.5877630822311674,0.1625,random_seed9,misseeded_ciprofloxacin,0.14709193245778612,0.5635866166353971,0.1303939962476548,9
Oxacillin,0.8954724356743153,0.6744868035190615,random_seed9,misseeded_ciprofloxacin,0.14709193245778612,0.5635866166353971,0.1303939962476548,9
Penicillin,0.7689379908134539,0.8539848749272833,random_seed9,misseeded_ciprofloxacin,0.14709193245778612,0.5635866166353971,0.1303939962476548,9
Ciprofloxacin,0.7633988355167395,0.43349753694581283,random_seed9,misseeded_cipro_pen2,0.149718574108818,0.5731863664790494,0.0975609756097561,9
Penicillin,0.7590152244777004,0.8512820512820513,random_seed9,misseeded_cipro_pen2,0.149718574108818,0.5731863664790494,0.0975609756097561,9
Erythromycin,0.6974329586907226,0.13930348258706468,random_seed9,misseeded_cipro_pen2,0.149718574108818,0.5731863664790494,0.0975609756097561,9
Clindamycin,0.581046578493387,0.1518987341772152,random_seed9,misseeded_cipro_pen2,0.149718574108818,0.5731863664790494,0.0975609756097561,9
Oxacillin,0.8819299044151115,0.6778711484593838,random_seed9,misseeded_cipro_pen2,0.149718574108818,0.5731863664790494,0.0975609756097561,9
