species,antibiotic_a,antibiotic_b,n_jointly_labeled,value_agreement,missingness_agreement
ecoli,Piperacillin-Tazobactam,Meropenem,4863,0.9148673658235656,0.989344262295082
ecoli,Piperacillin-Tazobactam,Ciprofloxacin,4870,0.7123203285420945,0.9841530054644809
ecoli,Piperacillin-Tazobactam,Cefepime,4870,0.8078028747433265,0.9841530054644809
ecoli,Piperacillin-Tazobactam,Cotrimoxazole,4863,0.6837343203783672,0.9834699453551913
ecoli,Piperacillin-Tazobactam,Ceftazidime,4862,0.7963800904977375,0.9889344262295082
ecoli,Piperacillin-Tazobactam,Amikacin,4862,0.881530234471411,0.9889344262295082
ecoli,Piperacillin-Tazobactam,Levofloxacin,4859,0.7124922823626261,0.9886612021857923
ecoli,Piperacillin-Tazobactam,Imipenem,4862,0.9156725627313863,0.9890710382513661
ecoli,Piperacillin-Tazobactam,Tobramycin,4862,0.8445084327437269,0.9889344262295082
ecoli,Piperacillin-Tazobactam,Ceftriaxone,4870,0.7767967145790554,0.983879781420765
ecoli,Piperacillin-Tazobactam,Colistin,4861,0.9103065212919152,0.9887978142076502
ecoli,Piperacillin-Tazobactam,Amoxicillin-Clavulanic acid,4865,0.8182939362795478,0.9834699453551913
ecoli,Piperacillin-Tazobactam,Ampicillin-Amoxicillin,4857,0.4836318715256331,0.9882513661202186
ecoli,Piperacillin-Tazobactam,Ertapenem,4870,0.9203285420944558,0.9841530054644809
ecoli,Piperacillin-Tazobactam,Cefpodoxime,2020,0.6435643564356436,0.601775956284153
ecoli,Piperacillin-Tazobactam,Norfloxacin,1444,0.7403047091412742,0.5241803278688525
ecoli,Piperacillin-Tazobactam,Fosfomycin-Trometamol,1444,0.9369806094182825,0.5239071038251366
ecoli,Piperacillin-Tazobactam,Nitrofurantoin,1442,0.9535367545076283,0.5239071038251366
ecoli,Meropenem,Ciprofloxacin,4934,0.694162950952574,0.992896174863388
ecoli,Meropenem,Cefepime,4934,0.8121199837859748,0.992896174863388
ecoli,Meropenem,Cotrimoxazole,4934,0.6613295500608026,0.9941256830601093
ecoli,Meropenem,Ceftazidime,4933,0.800932495438881,0.9995901639344262
ecoli,Meropenem,Amikacin,4933,0.9170889924994932,0.9995901639344262
ecoli,Meropenem,Levofloxacin,4930,0.6939148073022312,0.9993169398907104
ecoli,Meropenem,Imipenem,4933,0.9981755524021894,0.9997267759562841
ecoli,Meropenem,Tobramycin,4933,0.8589093857693088,0.9995901639344262
ecoli,Meropenem,Ceftriaxone,4934,0.7756384272395622,0.9926229508196721
ecoli,Meropenem,Colistin,4932,0.9937145174371452,0.9994535519125683
ecoli,Meropenem,Amoxicillin-Clavulanic acid,4927,0.7326973817738989,0.9916666666666667
ecoli,Meropenem,Ampicillin-Amoxicillin,4928,0.3977272727272727,0.9989071038251366
ecoli,Meropenem,Ertapenem,4934,0.9939197405755978,0.992896174863388
ecoli,Meropenem,Cefpodoxime,2081,0.5776069197501201,0.6096994535519126
ecoli,Meropenem,Norfloxacin,1501,0.7315123251165889,0.5310109289617486
ecoli,Meropenem,Fosfomycin-Trometamol,1501,0.9746835443037974,0.5307377049180327
ecoli,Meropenem,Nitrofurantoin,1499,0.9886591060707138,0.5307377049180327
ecoli,Ciprofloxacin,Cefepime,4982,0.7970694500200722,0.9989071038251366
ecoli,Ciprofloxacin,Cotrimoxazole,4974,0.6891837555287494,0.9979508196721312
ecoli,Ciprofloxacin,Ceftazidime,4934,0.798946088366437,0.9927595628415301
ecoli,Ciprofloxacin,Amikacin,4934,0.7430077016619375,0.9927595628415301
ecoli,Ciprofloxacin,Levofloxacin,4931,1.0,0.9924863387978142
ecoli,Ciprofloxacin,Imipenem,4934,0.6947709768950142,0.992896174863388
ecoli,Ciprofloxacin,Tobramycin,4934,0.7622618565058776,0.9927595628415301
ecoli,Ciprofloxacin,Ceftriaxone,4984,0.8152086677367576,0.9991803278688525
ecoli,Ciprofloxacin,Colistin,4933,0.6934928035678086,0.9926229508196721
ecoli,Ciprofloxacin,Amoxicillin-Clavulanic acid,4977,0.7096644564998995,0.9982240437158469
ecoli,Ciprofloxacin,Ampicillin-Amoxicillin,4929,0.6518563603164942,0.9920765027322405
ecoli,Ciprofloxacin,Ertapenem,4982,0.6959052589321557,0.9989071038251366
ecoli,Ciprofloxacin,Cefpodoxime,2085,0.7769784172661871,0.603688524590164
ecoli,Ciprofloxacin,Norfloxacin,1501,1.0,0.5239071038251366
ecoli,Ciprofloxacin,Fosfomycin-Trometamol,1503,0.7272122421823021,0.5241803278688525
ecoli,Ciprofloxacin,Nitrofurantoin,1499,0.7351567711807871,0.5236338797814207
ecoli,Cefepime,Cotrimoxazole,4973,0.7054092097325558,0.9976775956284153
ecoli,Cefepime,Ceftazidime,4935,0.9475177304964539,0.9930327868852459
ecoli,Cefepime,Amikacin,4935,0.8356636271529888,0.9930327868852459
ecoli,Cefepime,Levofloxacin,4931,0.7998377611032245,0.9924863387978142
ecoli,Cefepime,Imipenem,4934,0.8121199837859748,0.992896174863388
ecoli,Cefepime,Tobramycin,4935,0.8350557244174266,0.9930327868852459
ecoli,Cefepime,Ceftriaxone,4986,0.9530685920577617,0.9997267759562841
ecoli,Cefepime,Colistin,4934,0.8080664775030402,0.992896174863388
ecoli,Cefepime,Amoxicillin-Clavulanic acid,4977,0.7554751858549327,0.9982240437158469
ecoli,Cefepime,Ampicillin-Amoxicillin,4930,0.5849898580121704,0.9923497267759562
ecoli,Cefepime,Ertapenem,4986,0.8160850381066987,1.0
ecoli,Cefepime,Cefpodoxime,2083,0.8670187229956793,0.6031420765027322
ecoli,Cefepime,Norfloxacin,1501,0.7921385742838108,0.5239071038251366
ecoli,Cefepime,Fosfomycin-Trometamol,1503,0.886892880904857,0.5241803278688525
ecoli,Cefepime,Nitrofurantoin,1499,0.904603068712475,0.5236338797814207
ecoli,Cotrimoxazole,Ceftazidime,4934,0.6965950547223348,0.9939890710382514
ecoli,Cotrimoxazole,Amikacin,4934,0.6795703283340089,0.9939890710382514
ecoli,Cotrimoxazole,Levofloxacin,4931,0.6905293044007301,0.9937158469945355
ecoli,Cotrimoxazole,Imipenem,4934,0.6601134981759221,0.9941256830601093
ecoli,Cotrimoxazole,Tobramycin,4934,0.705715443858938,0.9939890710382514
ecoli,Cotrimoxazole,Ceftriaxone,4975,0.7091457286432161,0.9979508196721312
ecoli,Cotrimoxazole,Colistin,4933,0.6592337320089195,0.9938524590163934
ecoli,Cotrimoxazole,Amoxicillin-Clavulanic acid,4968,0.6751207729468599,0.9969945355191256
ecoli,Cotrimoxazole,Ampicillin-Amoxicillin,4929,0.6833029011969973,0.9933060109289618
ecoli,Cotrimoxazole,Ertapenem,4973,0.6621757490448421,0.9976775956284153
ecoli,Cotrimoxazole,Cefpodoxime,2085,0.6805755395683454,0.6049180327868853
ecoli,Cotrimoxazole,Norfloxacin,1501,0.7175216522318454,0.5251366120218579
ecoli,Cotrimoxazole,Fosfomycin-Trometamol,1503,0.6979374584165003,0.5254098360655738
ecoli,Cotrimoxazole,Nitrofurantoin,1499,0.7098065376917946,0.524863387978142
ecoli,Ceftazidime,Amikacin,4935,0.820871327254306,1.0
ecoli,Ceftazidime,Levofloxacin,4931,0.7988237679983776,0.9994535519125683
ecoli,Ceftazidime,Imipenem,4934,0.8013781921361978,0.9998633879781421
ecoli,Ceftazidime,Tobramycin,4935,0.8125633232016211,1.0
ecoli,Ceftazidime,Ceftriaxone,4935,0.955015197568389,0.9927595628415301
ecoli,Ceftazidime,Colistin,4934,0.7985407377381435,0.9998633879781421
ecoli,Ceftazidime,Amoxicillin-Clavulanic acid,4928,0.7575081168831169,0.9918032786885246
ecoli,Ceftazidime,Ampicillin-Amoxicillin,4930,0.5949290060851927,0.9993169398907104
ecoli,Ceftazidime,Ertapenem,4935,0.805065856129686,0.9930327868852459
ecoli,Ceftazidime,Cefpodoxime,2081,0.8846708313310908,0.6095628415300547
ecoli,Ceftazidime,Norfloxacin,1501,0.8014656895403065,0.5308743169398907
ecoli,Ceftazidime,Fosfomycin-Trometamol,1501,0.8654230512991339,0.5306010928961749
ecoli,Ceftazidime,Nitrofurantoin,1499,0.8832555036691128,0.5306010928961749
ecoli,Amikacin,Levofloxacin,4931,0.7428513486108295,0.9994535519125683
ecoli,Amikacin,Imipenem,4934,0.9177138224564249,0.9998633879781421
ecoli,Amikacin,Tobramycin,4935,0.9418439716312057,1.0
ecoli,Amikacin,Ceftriaxone,4935,0.8156028368794326,0.9927595628415301
ecoli,Amikacin,Colistin,4934,0.9156870693149575,0.9998633879781421
ecoli,Amikacin,Amoxicillin-Clavulanic acid,4928,0.7765827922077922,0.9918032786885246
ecoli,Amikacin,Ampicillin-Amoxicillin,4930,0.47119675456389454,0.9993169398907104
ecoli,Amikacin,Ertapenem,4935,0.9124620060790274,0.9930327868852459
ecoli,Amikacin,Cefpodoxime,2081,0.6554541086016338,0.6095628415300547
ecoli,Amikacin,Norfloxacin,1501,0.7688207861425717,0.5308743169398907
ecoli,Amikacin,Fosfomycin-Trometamol,1501,0.8987341772151899,0.5306010928961749
ecoli,Amikacin,Nitrofurantoin,1499,0.9166110740493663,0.5306010928961749
ecoli,Levofloxacin,Imipenem,4931,0.6949908740620564,0.9995901639344262
ecoli,Levofloxacin,Tobramycin,4931,0.7621172176029203,0.9994535519125683
ecoli,Levofloxacin,Ceftriaxone,4931,0.8182924356114378,0.9922131147540983
ecoli,Levofloxacin,Colistin,4930,0.6933062880324543,0.9993169398907104
ecoli,Levofloxacin,Amoxicillin-Clavulanic acid,4924,0.7110073111291633,0.9912568306010929
ecoli,Levofloxacin,Ampicillin-Amoxicillin,4926,0.6522533495736906,0.9987704918032787
ecoli,Levofloxacin,Ertapenem,4931,0.6978300547556276,0.9924863387978142
ecoli,Levofloxacin,Cefpodoxime,2078,0.7776708373435997,0.6092896174863388
ecoli,Levofloxacin,Norfloxacin,1501,1.0,0.5314207650273224
ecoli,Levofloxacin,Fosfomycin-Trometamol,1498,0.7263017356475301,0.530327868852459
ecoli,Levofloxacin,Nitrofurantoin,1496,0.7346256684491979,0.530327868852459
ecoli,Imipenem,Tobramycin,4934,0.8595460072963113,0.9998633879781421
ecoli,Imipenem,Ceftriaxone,4934,0.7762464531820025,0.9926229508196721
ecoli,Imipenem,Colistin,4933,0.9922967768092439,0.9997267759562841
ecoli,Imipenem,Amoxicillin-Clavulanic acid,4927,0.7333062715648467,0.9916666666666667
ecoli,Imipenem,Ampicillin-Amoxicillin,4929,0.39906674781903023,0.9991803278688525
ecoli,Imipenem,Ertapenem,4934,0.992298338062424,0.992896174863388
ecoli,Imipenem,Cefpodoxime,2081,0.5766458433445459,0.6096994535519126
ecoli,Imipenem,Norfloxacin,1501,0.7315123251165889,0.5310109289617486
ecoli,Imipenem,Fosfomycin-Trometamol,1501,0.9733510992671552,0.5307377049180327
ecoli,Imipenem,Nitrofurantoin,1499,0.9873248832555037,0.5307377049180327
ecoli,Tobramycin,Ceftriaxone,4935,0.8186423505572442,0.9927595628415301
ecoli,Tobramycin,Colistin,4934,0.8587353060397244,0.9998633879781421
ecoli,Tobramycin,Amoxicillin-Clavulanic acid,4928,0.7824675324675324,0.9918032786885246
ecoli,Tobramycin,Ampicillin-Amoxicillin,4930,0.527789046653144,0.9993169398907104
ecoli,Tobramycin,Ertapenem,4935,0.8555217831813576,0.9930327868852459
ecoli,Tobramycin,Cefpodoxime,2081,0.695338779432965,0.6095628415300547
ecoli,Tobramycin,Norfloxacin,1501,0.7794803464357095,0.5308743169398907
ecoli,Tobramycin,Fosfomycin-Trometamol,1501,0.8694203864090606,0.5306010928961749
ecoli,Tobramycin,Nitrofurantoin,1499,0.8845897264843229,0.5306010928961749
ecoli,Ceftriaxone,Colistin,4934,0.7746250506688286,0.9926229508196721
ecoli,Ceftriaxone,Amoxicillin-Clavulanic acid,4979,0.74994978911428,0.9984972677595628
ecoli,Ceftriaxone,Ampicillin-Amoxicillin,4930,0.6212981744421907,0.9920765027322405
ecoli,Ceftriaxone,Ertapenem,4986,0.7795828319294024,0.9997267759562841
ecoli,Ceftriaxone,Cefpodoxime,2085,0.9314148681055155,0.6034153005464481
ecoli,Ceftriaxone,Norfloxacin,1501,0.810126582278481,0.5236338797814207
ecoli,Ceftriaxone,Fosfomycin-Trometamol,1503,0.8569527611443779,0.5239071038251366
ecoli,Ceftriaxone,Nitrofurantoin,1499,0.8745830553702468,0.523360655737705
ecoli,Colistin,Amoxicillin-Clavulanic acid,4927,0.7310736756647047,0.9916666666666667
ecoli,Colistin,Ampicillin-Amoxicillin,4929,0.3976465814566849,0.9991803278688525
ecoli,Colistin,Ertapenem,4934,0.9878394811511958,0.992896174863388
ecoli,Colistin,Cefpodoxime,2080,0.5735576923076923,0.6094262295081967
ecoli,Colistin,Norfloxacin,1500,0.7333333333333333,0.5307377049180327
ecoli,Colistin,Fosfomycin-Trometamol,1500,0.9646666666666667,0.530464480874317
ecoli,Colistin,Nitrofurantoin,1498,0.9786381842456608,0.530464480874317
ecoli,Amoxicillin-Clavulanic acid,Ampicillin-Amoxicillin,4928,0.6651785714285714,0.9924863387978142
ecoli,Amoxicillin-Clavulanic acid,Ertapenem,4977,0.7400040184850312,0.9982240437158469
ecoli,Amoxicillin-Clavulanic acid,Cefpodoxime,2083,0.7402784445511282,0.6038251366120219
ecoli,Amoxicillin-Clavulanic acid,Norfloxacin,1499,0.7284856571047365,0.5240437158469945
ecoli,Amoxicillin-Clavulanic acid,Fosfomycin-Trometamol,1501,0.7908061292471685,0.5243169398907104
ecoli,Amoxicillin-Clavulanic acid,Nitrofurantoin,1497,0.7989311957247829,0.5237704918032787
ecoli,Ampicillin-Amoxicillin,Ertapenem,4930,0.40385395537525354,0.9923497267759562
ecoli,Ampicillin-Amoxicillin,Cefpodoxime,2081,0.7481979817395483,0.6102459016393442
ecoli,Ampicillin-Amoxicillin,Norfloxacin,1501,0.6855429713524317,0.5315573770491804
ecoli,Ampicillin-Amoxicillin,Fosfomycin-Trometamol,1501,0.5009993337774816,0.5312841530054645
ecoli,Ampicillin-Amoxicillin,Nitrofurantoin,1499,0.5010006671114076,0.5312841530054645
ecoli,Ertapenem,Cefpodoxime,2083,0.585693710993759,0.6031420765027322
ecoli,Ertapenem,Norfloxacin,1501,0.7315123251165889,0.5239071038251366
ecoli,Ertapenem,Fosfomycin-Trometamol,1503,0.9747172322022621,0.5241803278688525
ecoli,Ertapenem,Nitrofurantoin,1499,0.9886591060707138,0.5236338797814207
ecoli,Cefpodoxime,Norfloxacin,1500,0.7973333333333333,0.9199453551912569
ecoli,Cefpodoxime,Fosfomycin-Trometamol,1500,0.7913333333333333,0.919672131147541
ecoli,Cefpodoxime,Nitrofurantoin,1498,0.8010680907877169,0.919672131147541
ecoli,Norfloxacin,Fosfomycin-Trometamol,1496,0.7259358288770054,0.9983606557377049
ecoli,Norfloxacin,Nitrofurantoin,1496,0.7346256684491979,0.9989071038251366
ecoli,Fosfomycin-Trometamol,Nitrofurantoin,1499,0.9646430953969313,0.9994535519125683
saureus,Piperacillin-Tazobactam,Meropenem,3640,1.0,0.9995710609093509
saureus,Piperacillin-Tazobactam,Ciprofloxacin,3638,0.8092358438702584,0.9781241063768945
saureus,Piperacillin-Tazobactam,Cefepime,3640,1.0,1.0
saureus,Piperacillin-Tazobactam,Cotrimoxazole,3640,0.8052197802197802,0.9812696597083215
saureus,Piperacillin-Tazobactam,Imipenem,3640,1.0,1.0
saureus,Piperacillin-Tazobactam,Ceftriaxone,3640,1.0,1.0
saureus,Piperacillin-Tazobactam,Clindamycin,3631,0.7648030845497108,0.9981412639405205
saureus,Piperacillin-Tazobactam,Amoxicillin-Clavulanic acid,3640,1.0,1.0
saureus,Piperacillin-Tazobactam,Vancomycin,3640,0.8043956043956044,0.9784100657706606
saureus,Piperacillin-Tazobactam,Penicillin,3634,0.4551458447991194,0.9991421218187018
saureus,Piperacillin-Tazobactam,Erythromycin,3640,0.7664835164835165,1.0
saureus,Piperacillin-Tazobactam,Tetracycline,3640,0.8258241758241758,0.9995710609093509
saureus,Piperacillin-Tazobactam,Ampicillin-Amoxicillin,3637,0.45477041517734396,0.9995710609093509
saureus,Piperacillin-Tazobactam,Linezolid,3639,0.804341852157186,0.999857020303117
saureus,Piperacillin-Tazobactam,Teicoplanin,3631,0.8039107683833655,0.9987131827280527
saureus,Piperacillin-Tazobactam,Tigecycline,3640,0.8041208791208792,1.0
saureus,Piperacillin-Tazobactam,Daptomycin,3640,0.8002747252747253,0.9795539033457249
saureus,Piperacillin-Tazobactam,Gentamicin,3640,0.8164835164835165,0.9995710609093509
saureus,Piperacillin-Tazobactam,Cefuroxime,3640,1.0,1.0
saureus,Piperacillin-Tazobactam,Oxacillin,3640,0.9975274725274725,0.9784100657706606
saureus,Piperacillin-Tazobactam,Cefazolin,3640,1.0,1.0
saureus,Piperacillin-Tazobactam,Rifampicin,3640,0.8060439560439561,0.9789819845581927
saureus,Piperacillin-Tazobactam,Fusidic acid,3640,0.792032967032967,0.9789819845581927
saureus,Piperacillin-Tazobactam,Mupirocin,3632,0.8058920704845814,0.9982842436374035
saureus,Meropenem,Ciprofloxacin,3641,0.8085690744301016,0.9785530454675436
saureus,Meropenem,Cefepime,3640,1.0,0.9995710609093509
saureus,Meropenem,Cotrimoxazole,3643,0.8053801811693659,0.9816985987989706
saureus,Meropenem,Imipenem,3640,1.0,0.9995710609093509
saureus,Meropenem,Ceftriaxone,3640,1.0,0.9995710609093509
saureus,Meropenem,Clindamycin,3631,0.7648030845497108,0.9977123248498713
saureus,Meropenem,Amoxicillin-Clavulanic acid,3640,1.0,0.9995710609093509
saureus,Meropenem,Vancomycin,3643,0.8045566840516059,0.9788390048613097
saureus,Meropenem,Penicillin,3634,0.4551458447991194,0.9987131827280527
saureus,Meropenem,Erythromycin,3640,0.7664835164835165,0.9995710609093509
saureus,Meropenem,Tetracycline,3640,0.8258241758241758,0.9991421218187018
saureus,Meropenem,Ampicillin-Amoxicillin,3637,0.45477041517734396,0.9991421218187018
saureus,Meropenem,Linezolid,3639,0.804341852157186,0.9994280812124678
saureus,Meropenem,Teicoplanin,3631,0.8039107683833655,0.9982842436374035
saureus,Meropenem,Tigecycline,3640,0.8041208791208792,0.9995710609093509
saureus,Meropenem,Daptomycin,3643,0.8004391984628054,0.979982842436374
saureus,Meropenem,Gentamicin,3640,0.8164835164835165,0.9991421218187018
saureus,Meropenem,Cefuroxime,3640,1.0,0.9995710609093509
saureus,Meropenem,Oxacillin,3643,0.9975295086467197,0.9788390048613097
saureus,Meropenem,Cefazolin,3640,1.0,0.9995710609093509
saureus,Meropenem,Rifampicin,3643,0.806203678287126,0.9794109236488419
saureus,Meropenem,Fusidic acid,3643,0.7922042272852045,0.9794109236488419
saureus,Meropenem,Mupirocin,3632,0.8058920704845814,0.9978553045467543
saureus,Ciprofloxacin,Cefepime,3638,0.8092358438702584,0.9781241063768945
saureus,Ciprofloxacin,Cotrimoxazole,3769,0.8224993366940833,0.996854446668573
saureus,Ciprofloxacin,Imipenem,3638,0.8092358438702584,0.9781241063768945
saureus,Ciprofloxacin,Ceftriaxone,3638,0.8092358438702584,0.9781241063768945
saureus,Ciprofloxacin,Clindamycin,3633,0.7756674924304983,0.9774092078924793
saureus,Ciprofloxacin,Amoxicillin-Clavulanic acid,3638,0.8092358438702584,0.9781241063768945
saureus,Ciprofloxacin,Vancomycin,3789,0.828978622327791,0.9997140406062339
saureus,Ciprofloxacin,Penicillin,3632,0.3827092511013216,0.9772662281955963
saureus,Ciprofloxacin,Erythromycin,3638,0.7778999450247389,0.9781241063768945
saureus,Ciprofloxacin,Tetracycline,3641,0.7857731392474595,0.9785530454675436
saureus,Ciprofloxacin,Ampicillin-Amoxicillin,3635,0.38239339752407153,0.9776951672862454
saureus,Ciprofloxacin,Linezolid,3637,0.8386032444322243,0.9779811266800115
saureus,Ciprofloxacin,Teicoplanin,3629,0.8382474510884541,0.976837289104947
saureus,Ciprofloxacin,Tigecycline,3638,0.8380978559648158,0.9781241063768945
saureus,Ciprofloxacin,Daptomycin,3781,0.8267654059772547,0.9985702030311696
saureus,Ciprofloxacin,Gentamicin,3641,0.8396045042570722,0.9785530454675436
saureus,Ciprofloxacin,Cefuroxime,3638,0.8092358438702584,0.9781241063768945
saureus,Ciprofloxacin,Oxacillin,3789,0.7986276062285563,0.9997140406062339
saureus,Ciprofloxacin,Cefazolin,3638,0.8092358438702584,0.9781241063768945
saureus,Ciprofloxacin,Rifampicin,3785,0.8314398943196829,0.9991421218187018
saureus,Ciprofloxacin,Fusidic acid,3785,0.7986789960369881,0.9991421218187018
saureus,Ciprofloxacin,Mupirocin,3633,0.841178089733003,0.9772662281955963
saureus,Cefepime,Cotrimoxazole,3640,0.8052197802197802,0.9812696597083215
saureus,Cefepime,Imipenem,3640,1.0,1.0
saureus,Cefepime,Ceftriaxone,3640,1.0,1.0
saureus,Cefepime,Clindamycin,3631,0.7648030845497108,0.9981412639405205
saureus,Cefepime,Amoxicillin-Clavulanic acid,3640,1.0,1.0
saureus,Cefepime,Vancomycin,3640,0.8043956043956044,0.9784100657706606
saureus,Cefepime,Penicillin,3634,0.4551458447991194,0.9991421218187018
saureus,Cefepime,Erythromycin,3640,0.7664835164835165,1.0
saureus,Cefepime,Tetracycline,3640,0.8258241758241758,0.9995710609093509
saureus,Cefepime,Ampicillin-Amoxicillin,3637,0.45477041517734396,0.9995710609093509
saureus,Cefepime,Linezolid,3639,0.804341852157186,0.999857020303117
saureus,Cefepime,Teicoplanin,3631,0.8039107683833655,0.9987131827280527
saureus,Cefepime,Tigecycline,3640,0.8041208791208792,1.0
saureus,Cefepime,Daptomycin,3640,0.8002747252747253,0.9795539033457249
saureus,Cefepime,Gentamicin,3640,0.8164835164835165,0.9995710609093509
saureus,Cefepime,Cefuroxime,3640,1.0,1.0
saureus,Cefepime,Oxacillin,3640,0.9975274725274725,0.9784100657706606
saureus,Cefepime,Cefazolin,3640,1.0,1.0
saureus,Cefepime,Rifampicin,3640,0.8060439560439561,0.9789819845581927
saureus,Cefepime,Fusidic acid,3640,0.792032967032967,0.9789819845581927
saureus,Cefepime,Mupirocin,3632,0.8058920704845814,0.9982842436374035
saureus,Cotrimoxazole,Imipenem,3640,0.8052197802197802,0.9812696597083215
saureus,Cotrimoxazole,Ceftriaxone,3640,0.8052197802197802,0.9812696597083215
saureus,Cotrimoxazole,Clindamycin,3635,0.8233837689133425,0.9805547612239062
saureus,Cotrimoxazole,Amoxicillin-Clavulanic acid,3640,0.8052197802197802,0.9812696597083215
saureus,Cotrimoxazole,Vancomycin,3771,0.9549191195969239,0.9971404060623391
saureus,Cotrimoxazole,Penicillin,3634,0.2892129884424876,0.9804117815270231
saureus,Cotrimoxazole,Erythromycin,3640,0.7958791208791208,0.9812696597083215
saureus,Cotrimoxazole,Tetracycline,3643,0.899258852594016,0.9816985987989706
saureus,Cotrimoxazole,Ampicillin-Amoxicillin,3637,0.2889744294748419,0.9808407206176722
saureus,Cotrimoxazole,Linezolid,3639,0.966199505358615,0.9811266800114383
saureus,Cotrimoxazole,Teicoplanin,3631,0.9647480033048746,0.979982842436374
saureus,Cotrimoxazole,Tigecycline,3640,0.9659340659340659,0.9812696597083215
saureus,Cotrimoxazole,Daptomycin,3763,0.9471166622375764,0.9959965684872748
saureus,Cotrimoxazole,Gentamicin,3643,0.953060664287675,0.9816985987989706
saureus,Cotrimoxazole,Cefuroxime,3640,0.8052197802197802,0.9812696597083215
saureus,Cotrimoxazole,Oxacillin,3771,0.7976664014850172,0.9971404060623391
saureus,Cotrimoxazole,Cefazolin,3640,0.8052197802197802,0.9812696597083215
saureus,Cotrimoxazole,Rifampicin,3767,0.9477037430315901,0.996568487274807
saureus,Cotrimoxazole,Fusidic acid,3767,0.9004512874966817,0.996568487274807
saureus,Cotrimoxazole,Mupirocin,3635,0.9606602475928473,0.9804117815270231
saureus,Imipenem,Ceftriaxone,3640,1.0,1.0
saureus,Imipenem,Clindamycin,3631,0.7648030845497108,0.9981412639405205
saureus,Imipenem,Amoxicillin-Clavulanic acid,3640,1.0,1.0
saureus,Imipenem,Vancomycin,3640,0.8043956043956044,0.9784100657706606
saureus,Imipenem,Penicillin,3634,0.4551458447991194,0.9991421218187018
saureus,Imipenem,Erythromycin,3640,0.7664835164835165,1.0
saureus,Imipenem,Tetracycline,3640,0.8258241758241758,0.9995710609093509
saureus,Imipenem,Ampicillin-Amoxicillin,3637,0.45477041517734396,0.9995710609093509
saureus,Imipenem,Linezolid,3639,0.804341852157186,0.999857020303117
saureus,Imipenem,Teicoplanin,3631,0.8039107683833655,0.9987131827280527
saureus,Imipenem,Tigecycline,3640,0.8041208791208792,1.0
saureus,Imipenem,Daptomycin,3640,0.8002747252747253,0.9795539033457249
saureus,Imipenem,Gentamicin,3640,0.8164835164835165,0.9995710609093509
saureus,Imipenem,Cefuroxime,3640,1.0,1.0
saureus,Imipenem,Oxacillin,3640,0.9975274725274725,0.9784100657706606
saureus,Imipenem,Cefazolin,3640,1.0,1.0
saureus,Imipenem,Rifampicin,3640,0.8060439560439561,0.9789819845581927
saureus,Imipenem,Fusidic acid,3640,0.792032967032967,0.9789819845581927
saureus,Imipenem,Mupirocin,3632,0.8058920704845814,0.9982842436374035
saureus,Ceftriaxone,Clindamycin,3631,0.7648030845497108,0.9981412639405205
saureus,Ceftriaxone,Amoxicillin-Clavulanic acid,3640,1.0,1.0
saureus,Ceftriaxone,Vancomycin,3640,0.8043956043956044,0.9784100657706606
saureus,Ceftriaxone,Penicillin,3634,0.4551458447991194,0.9991421218187018
saureus,Ceftriaxone,Erythromycin,3640,0.7664835164835165,1.0
saureus,Ceftriaxone,Tetracycline,3640,0.8258241758241758,0.9995710609093509
saureus,Ceftriaxone,Ampicillin-Amoxicillin,3637,0.45477041517734396,0.9995710609093509
saureus,Ceftriaxone,Linezolid,3639,0.804341852157186,0.999857020303117
saureus,Ceftriaxone,Teicoplanin,3631,0.8039107683833655,0.9987131827280527
saureus,Ceftriaxone,Tigecycline,3640,0.8041208791208792,1.0
saureus,Ceftriaxone,Daptomycin,3640,0.8002747252747253,0.9795539033457249
saureus,Ceftriaxone,Gentamicin,3640,0.8164835164835165,0.9995710609093509
saureus,Ceftriaxone,Cefuroxime,3640,1.0,1.0
saureus,Ceftriaxone,Oxacillin,3640,0.9975274725274725,0.9784100657706606
saureus,Ceftriaxone,Cefazolin,3640,1.0,1.0
saureus,Ceftriaxone,Rifampicin,3640,0.8060439560439561,0.9789819845581927
saureus,Ceftriaxone,Fusidic acid,3640,0.792032967032967,0.9789819845581927
saureus,Ceftriaxone,Mupirocin,3632,0.8058920704845814,0.9982842436374035
saureus,Clindamycin,Amoxicillin-Clavulanic acid,3631,0.7648030845497108,0.9981412639405205
saureus,Clindamycin,Vancomycin,3635,0.8407152682255846,0.9776951672862454
saureus,Clindamycin,Penicillin,3628,0.35694597574421166,0.9981412639405205
saureus,Clindamycin,Erythromycin,3631,0.9316992564031947,0.9981412639405205
saureus,Clindamycin,Tetracycline,3631,0.8432938584412007,0.9977123248498713
saureus,Clindamycin,Ampicillin-Amoxicillin,3631,0.3566510603139631,0.9985702030311696
saureus,Clindamycin,Linezolid,3630,0.8415977961432507,0.9979982842436375
saureus,Clindamycin,Teicoplanin,3625,0.8416551724137931,0.9977123248498713
saureus,Clindamycin,Tigecycline,3631,0.8413660148719361,0.9981412639405205
saureus,Clindamycin,Daptomycin,3635,0.8354883081155433,0.9788390048613097
saureus,Clindamycin,Gentamicin,3631,0.8383365464059488,0.9977123248498713
saureus,Clindamycin,Cefuroxime,3631,0.7648030845497108,0.9981412639405205
saureus,Clindamycin,Oxacillin,3635,0.7614855570839064,0.9776951672862454
saureus,Clindamycin,Cefazolin,3631,0.7648030845497108,0.9981412639405205
saureus,Clindamycin,Rifampicin,3635,0.8423658872077029,0.9782670860737775
saureus,Clindamycin,Fusidic acid,3635,0.7969738651994498,0.9782670860737775
saureus,Clindamycin,Mupirocin,3623,0.8393596467016284,0.9964255075779239
saureus,Amoxicillin-Clavulanic acid,Vancomycin,3640,0.8043956043956044,0.9784100657706606
saureus,Amoxicillin-Clavulanic acid,Penicillin,3634,0.4551458447991194,0.9991421218187018
saureus,Amoxicillin-Clavulanic acid,Erythromycin,3640,0.7664835164835165,1.0
saureus,Amoxicillin-Clavulanic acid,Tetracycline,3640,0.8258241758241758,0.9995710609093509
saureus,Amoxicillin-Clavulanic acid,Ampicillin-Amoxicillin,3637,0.45477041517734396,0.9995710609093509
saureus,Amoxicillin-Clavulanic acid,Linezolid,3639,0.804341852157186,0.999857020303117
saureus,Amoxicillin-Clavulanic acid,Teicoplanin,3631,0.8039107683833655,0.9987131827280527
saureus,Amoxicillin-Clavulanic acid,Tigecycline,3640,0.8041208791208792,1.0
saureus,Amoxicillin-Clavulanic acid,Daptomycin,3640,0.8002747252747253,0.9795539033457249
saureus,Amoxicillin-Clavulanic acid,Gentamicin,3640,0.8164835164835165,0.9995710609093509
saureus,Amoxicillin-Clavulanic acid,Cefuroxime,3640,1.0,1.0
saureus,Amoxicillin-Clavulanic acid,Oxacillin,3640,0.9975274725274725,0.9784100657706606
saureus,Amoxicillin-Clavulanic acid,Cefazolin,3640,1.0,1.0
saureus,Amoxicillin-Clavulanic acid,Rifampicin,3640,0.8060439560439561,0.9789819845581927
saureus,Amoxicillin-Clavulanic acid,Fusidic acid,3640,0.792032967032967,0.9789819845581927
saureus,Amoxicillin-Clavulanic acid,Mupirocin,3632,0.8058920704845814,0.9982842436374035
saureus,Vancomycin,Penicillin,3634,0.2592184920198129,0.9775521875893624
saureus,Vancomycin,Erythromycin,3640,0.8098901098901099,0.9784100657706606
saureus,Vancomycin,Tetracycline,3643,0.916003293988471,0.9788390048613097
saureus,Vancomycin,Ampicillin-Amoxicillin,3637,0.25900467418201817,0.9779811266800115
saureus,Vancomycin,Linezolid,3639,1.0,0.9782670860737775
saureus,Vancomycin,Teicoplanin,3631,0.998347562654916,0.9771232484987132
saureus,Vancomycin,Tigecycline,3640,0.9997252747252747,0.9784100657706606
saureus,Vancomycin,Daptomycin,3783,0.9912767644726408,0.9988561624249357
saureus,Vancomycin,Gentamicin,3643,0.9676091133681032,0.9788390048613097
saureus,Vancomycin,Cefuroxime,3640,0.8043956043956044,0.9784100657706606
saureus,Vancomycin,Oxacillin,3791,0.808230018464785,1.0
saureus,Vancomycin,Cefazolin,3640,0.8043956043956044,0.9784100657706606
saureus,Vancomycin,Rifampicin,3787,0.9862688143649326,0.9994280812124678
saureus,Vancomycin,Fusidic acid,3787,0.9276472141536837,0.9994280812124678
saureus,Vancomycin,Mupirocin,3635,0.9947730398899587,0.9775521875893624
saureus,Penicillin,Erythromycin,3634,0.3786461199779857,0.9991421218187018
saureus,Penicillin,Tetracycline,3634,0.3318657127132636,0.9987131827280527
saureus,Penicillin,Ampicillin-Amoxicillin,3634,1.0,0.9995710609093509
saureus,Penicillin,Linezolid,3633,0.259289843104872,0.9989991421218187
saureus,Penicillin,Teicoplanin,3628,0.26102535832414553,0.9987131827280527
saureus,Penicillin,Tigecycline,3634,0.2589433131535498,0.9991421218187018
saureus,Penicillin,Daptomycin,3634,0.26719867914144196,0.9786960251644267
saureus,Penicillin,Gentamicin,3634,0.28398458998348924,0.9987131827280527
saureus,Penicillin,Cefuroxime,3634,0.4551458447991194,0.9991421218187018
saureus,Penicillin,Oxacillin,3634,0.45762245459548706,0.9775521875893624
saureus,Penicillin,Cefazolin,3634,0.4551458447991194,0.9991421218187018
saureus,Penicillin,Rifampicin,3634,0.2685745734727573,0.9781241063768945
saureus,Penicillin,Fusidic acid,3634,0.30627407815079805,0.9781241063768945
saureus,Penicillin,Mupirocin,3626,0.26392719249862107,0.9974263654561052
saureus,Erythromycin,Tetracycline,3640,0.8324175824175825,0.9995710609093509
saureus,Erythromycin,Ampicillin-Amoxicillin,3637,0.37833379158647235,0.9995710609093509
saureus,Erythromycin,Linezolid,3639,0.8101126683154712,0.999857020303117
saureus,Erythromycin,Teicoplanin,3631,0.8099697053153401,0.9987131827280527
saureus,Erythromycin,Tigecycline,3640,0.8096153846153846,1.0
saureus,Erythromycin,Daptomycin,3640,0.8057692307692308,0.9795539033457249
saureus,Erythromycin,Gentamicin,3640,0.8076923076923077,0.9995710609093509
saureus,Erythromycin,Cefuroxime,3640,0.7664835164835165,1.0
saureus,Erythromycin,Oxacillin,3640,0.7645604395604395,0.9784100657706606
saureus,Erythromycin,Cefazolin,3640,0.7664835164835165,1.0
saureus,Erythromycin,Rifampicin,3640,0.8115384615384615,0.9789819845581927
saureus,Erythromycin,Fusidic acid,3640,0.7678571428571429,0.9789819845581927
saureus,Erythromycin,Mupirocin,3632,0.8122246696035242,0.9982842436374035
saureus,Tetracycline,Ampicillin-Amoxicillin,3637,0.3315919714050041,0.9991421218187018
saureus,Tetracycline,Linezolid,3639,0.9161857653201428,0.9994280812124678
saureus,Tetracycline,Teicoplanin,3631,0.9143486642798128,0.9982842436374035
saureus,Tetracycline,Tigecycline,3640,0.9162087912087912,0.9995710609093509
saureus,Tetracycline,Daptomycin,3643,0.9069448256931101,0.979982842436374
saureus,Tetracycline,Gentamicin,3643,0.9011803458687895,1.0
saureus,Tetracycline,Cefuroxime,3640,0.8258241758241758,0.9995710609093509
saureus,Tetracycline,Oxacillin,3643,0.8234971177600878,0.9788390048613097
saureus,Tetracycline,Cefazolin,3640,0.8258241758241758,0.9995710609093509
saureus,Tetracycline,Rifampicin,3643,0.9132583035959374,0.9794109236488419
saureus,Tetracycline,Fusidic acid,3643,0.8685149601976393,0.9794109236488419
saureus,Tetracycline,Mupirocin,3635,0.9114167812929849,0.9987131827280527
saureus,Ampicillin-Amoxicillin,Linezolid,3636,0.2590759075907591,0.9994280812124678
saureus,Ampicillin-Amoxicillin,Teicoplanin,3631,0.2608096942990912,0.9991421218187018
saureus,Ampicillin-Amoxicillin,Tigecycline,3637,0.25872972229859775,0.9995710609093509
saureus,Ampicillin-Amoxicillin,Daptomycin,3637,0.2669782788012098,0.9791249642550758
saureus,Ampicillin-Amoxicillin,Gentamicin,3637,0.2837503436898543,0.9991421218187018
saureus,Ampicillin-Amoxicillin,Cefuroxime,3637,0.45477041517734396,0.9995710609093509
saureus,Ampicillin-Amoxicillin,Oxacillin,3637,0.4572449821281276,0.9779811266800115
saureus,Ampicillin-Amoxicillin,Cefazolin,3637,0.45477041517734396,0.9995710609093509
saureus,Ampicillin-Amoxicillin,Rifampicin,3637,0.2683530382183118,0.9785530454675436
saureus,Ampicillin-Amoxicillin,Fusidic acid,3637,0.3060214462469068,0.9785530454675436
saureus,Ampicillin-Amoxicillin,Mupirocin,3629,0.2637090107467622,0.9978553045467543
saureus,Linezolid,Teicoplanin,3630,0.9983471074380166,0.9985702030311696
saureus,Linezolid,Tigecycline,3639,0.9997251992305578,0.999857020303117
saureus,Linezolid,Daptomycin,3639,0.9909315746084089,0.9794109236488419
saureus,Linezolid,Gentamicin,3639,0.9675735092058257,0.9994280812124678
saureus,Linezolid,Cefuroxime,3639,0.804341852157186,0.999857020303117
saureus,Linezolid,Oxacillin,3639,0.8018686452322067,0.9782670860737775
saureus,Linezolid,Cefazolin,3639,0.804341852157186,0.999857020303117
saureus,Linezolid,Rifampicin,3639,0.9901071723000825,0.9788390048613097
saureus,Linezolid,Fusidic acid,3639,0.9321242099477879,0.9788390048613097
saureus,Linezolid,Mupirocin,3631,0.9947672817405674,0.9981412639405205
saureus,Teicoplanin,Tigecycline,3631,0.9980721564307353,0.9987131827280527
saureus,Teicoplanin,Daptomycin,3631,0.990911594602038,0.9782670860737775
saureus,Teicoplanin,Gentamicin,3631,0.96695125309832,0.9982842436374035
saureus,Teicoplanin,Cefuroxime,3631,0.8039107683833655,0.9987131827280527
saureus,Teicoplanin,Oxacillin,3631,0.8014321123657394,0.9771232484987132
saureus,Teicoplanin,Cefazolin,3631,0.8039107683833655,0.9987131827280527
saureus,Teicoplanin,Rifampicin,3631,0.989259157256954,0.9776951672862454
saureus,Teicoplanin,Fusidic acid,3631,0.9311484439548334,0.9776951672862454
saureus,Teicoplanin,Mupirocin,3628,0.9933847850055126,0.9984272233342866
saureus,Tigecycline,Daptomycin,3640,0.9906593406593407,0.9795539033457249
saureus,Tigecycline,Gentamicin,3640,0.9673076923076923,0.9995710609093509
saureus,Tigecycline,Cefuroxime,3640,0.8041208791208792,1.0
saureus,Tigecycline,Oxacillin,3640,0.8016483516483517,0.9784100657706606
saureus,Tigecycline,Cefazolin,3640,0.8041208791208792,1.0
saureus,Tigecycline,Rifampicin,3640,0.9898351648351649,0.9789819845581927
saureus,Tigecycline,Fusidic acid,3640,0.9318681318681319,0.9789819845581927
saureus,Tigecycline,Mupirocin,3632,0.9944933920704846,0.9982842436374035
saureus,Daptomycin,Gentamicin,3643,0.9596486412297557,0.979982842436374
saureus,Daptomycin,Cefuroxime,3640,0.8002747252747253,0.9795539033457249
saureus,Daptomycin,Oxacillin,3783,0.8038593708696802,0.9988561624249357
saureus,Daptomycin,Cefazolin,3640,0.8002747252747253,0.9795539033457249
saureus,Daptomycin,Rifampicin,3783,0.9785884218873909,0.9994280812124678
saureus,Daptomycin,Fusidic acid,3783,0.922548242135871,0.9994280812124678
saureus,Daptomycin,Mupirocin,3635,0.9856946354883082,0.9786960251644267
saureus,Gentamicin,Cefuroxime,3640,0.8164835164835165,0.9995710609093509
saureus,Gentamicin,Oxacillin,3643,0.8141641504254735,0.9788390048613097
saureus,Gentamicin,Cefazolin,3640,0.8164835164835165,0.9995710609093509
saureus,Gentamicin,Rifampicin,3643,0.9681581114466099,0.9794109236488419
saureus,Gentamicin,Fusidic acid,3643,0.9124348064781773,0.9794109236488419
saureus,Gentamicin,Mupirocin,3635,0.9645116918844566,0.9987131827280527
saureus,Cefuroxime,Oxacillin,3640,0.9975274725274725,0.9784100657706606
saureus,Cefuroxime,Cefazolin,3640,1.0,1.0
saureus,Cefuroxime,Rifampicin,3640,0.8060439560439561,0.9789819845581927
saureus,Cefuroxime,Fusidic acid,3640,0.792032967032967,0.9789819845581927
saureus,Cefuroxime,Mupirocin,3632,0.8058920704845814,0.9982842436374035
saureus,Oxacillin,Cefazolin,3640,0.9975274725274725,0.9784100657706606
saureus,Oxacillin,Rifampicin,3787,0.8053868497491418,0.9994280812124678
saureus,Oxacillin,Fusidic acid,3787,0.7890150514919462,0.9994280812124678
saureus,Oxacillin,Mupirocin,3635,0.803576341127923,0.9775521875893624
saureus,Cefazolin,Rifampicin,3640,0.8060439560439561,0.9789819845581927
saureus,Cefazolin,Fusidic acid,3640,0.792032967032967,0.9789819845581927
saureus,Cefazolin,Mupirocin,3632,0.8058920704845814,0.9982842436374035
saureus,Rifampicin,Fusidic acid,3787,0.9281753366781094,1.0
saureus,Rifampicin,Mupirocin,3635,0.9856946354883082,0.9781241063768945
saureus,Fusidic acid,Mupirocin,3635,0.9306740027510316,0.9781241063768945
kpneumoniae,Piperacillin-Tazobactam,Meropenem,2781,0.8676734987414599,0.9795970415710278
kpneumoniae,Piperacillin-Tazobactam,Ciprofloxacin,2787,0.8654467168998924,0.9803621525121142
kpneumoniae,Piperacillin-Tazobactam,Cefepime,2787,0.9099390025116613,0.9803621525121142
kpneumoniae,Piperacillin-Tazobactam,Cotrimoxazole,2787,0.8274129888769286,0.9808722264728386
kpneumoniae,Piperacillin-Tazobactam,Ceftazidime,2787,0.9178327951202009,0.9821474113746493
kpneumoniae,Piperacillin-Tazobactam,Amikacin,2787,0.8801578758521708,0.9821474113746493
kpneumoniae,Piperacillin-Tazobactam,Levofloxacin,2787,0.8654467168998924,0.9824024483550114
kpneumoniae,Piperacillin-Tazobactam,Imipenem,2787,0.8632938643702907,0.9813823004335629
kpneumoniae,Piperacillin-Tazobactam,Tobramycin,2787,0.8977395048439182,0.9824024483550114
kpneumoniae,Piperacillin-Tazobactam,Ceftriaxone,2787,0.9038392536777897,0.9803621525121142
kpneumoniae,Piperacillin-Tazobactam,Colistin,2785,0.8488330341113106,0.9813823004335629
kpneumoniae,Piperacillin-Tazobactam,Amoxicillin-Clavulanic acid,2783,0.9597556593604024,0.9813823004335629
kpneumoniae,Piperacillin-Tazobactam,Ampicillin-Amoxicillin,2787,0.155005382131324,0.9824024483550114
kpneumoniae,Piperacillin-Tazobactam,Ertapenem,2787,0.873340509508432,0.9793420045906657
kpneumoniae,Piperacillin-Tazobactam,Cefpodoxime,1763,0.9325014180374361,0.7227748023463402
kpneumoniae,Piperacillin-Tazobactam,Norfloxacin,1758,0.89419795221843,0.7214996174445295
kpneumoniae,Piperacillin-Tazobactam,Fosfomycin-Trometamol,1759,0.6884593519044911,0.7217546544248916
kpneumoniae,Meropenem,Ciprofloxacin,2850,0.8178947368421052,0.9951542973731191
kpneumoniae,Meropenem,Cefepime,2850,0.8817543859649123,0.9951542973731191
kpneumoniae,Meropenem,Cotrimoxazole,2850,0.7943859649122808,0.9956643713338434
kpneumoniae,Meropenem,Ceftazidime,2851,0.8639074009119607,0.9974496301963784
kpneumoniae,Meropenem,Amikacin,2851,0.9417748158540863,0.9974496301963784
kpneumoniae,Meropenem,Levofloxacin,2850,0.8178947368421052,0.9971945932160163
kpneumoniae,Meropenem,Imipenem,2854,0.9968465311843028,0.9982147411374649
kpneumoniae,Meropenem,Tobramycin,2850,0.883859649122807,0.9971945932160163
kpneumoniae,Meropenem,Ceftriaxone,2850,0.8610526315789474,0.9951542973731191
kpneumoniae,Meropenem,Colistin,2847,0.9764664559185107,0.9956643713338434
kpneumoniae,Meropenem,Amoxicillin-Clavulanic acid,2838,0.8291050035236082,0.9920938536087732
kpneumoniae,Meropenem,Ampicillin-Amoxicillin,2850,0.021052631578947368,0.9971945932160163
kpneumoniae,Meropenem,Ertapenem,2852,0.9919354838709677,0.9951542973731191
kpneumoniae,Meropenem,Cefpodoxime,1822,0.8787047200878156,0.7355266513644478
kpneumoniae,Meropenem,Norfloxacin,1817,0.8475509080902587,0.7342514664626371
kpneumoniae,Meropenem,Fosfomycin-Trometamol,1818,0.740924092409241,0.7345065034429993
kpneumoniae,Ciprofloxacin,Cefepime,2864,0.8819832402234636,1.0
kpneumoniae,Ciprofloxacin,Cotrimoxazole,2862,0.8710691823899371,0.9994899260392757
kpneumoniae,Ciprofloxacin,Ceftazidime,2856,0.8799019607843137,0.9977046671767407
kpneumoniae,Ciprofloxacin,Amikacin,2856,0.8483893557422969,0.9977046671767407
kpneumoniae,Ciprofloxacin,Levofloxacin,2856,1.0,0.9979597041571028
kpneumoniae,Ciprofloxacin,Imipenem,2856,0.8186274509803921,0.9969395562356542
kpneumoniae,Ciprofloxacin,Tobramycin,2856,0.8921568627450981,0.9979597041571028
kpneumoniae,Ciprofloxacin,Ceftriaxone,2864,0.8875698324022346,1.0
kpneumoniae,Ciprofloxacin,Colistin,2851,0.8155033321641529,0.9954093343534812
kpneumoniae,Ciprofloxacin,Amoxicillin-Clavulanic acid,2852,0.8565918653576438,0.9969395562356542
kpneumoniae,Ciprofloxacin,Ampicillin-Amoxicillin,2856,0.1873249299719888,0.9979597041571028
kpneumoniae,Ciprofloxacin,Ertapenem,2864,0.8187849162011173,0.9989798520785514
kpneumoniae,Ciprofloxacin,Cefpodoxime,1826,0.8964950711938664,0.7352716143840857
kpneumoniae,Ciprofloxacin,Norfloxacin,1821,1.0,0.733996429482275
kpneumoniae,Ciprofloxacin,Fosfomycin-Trometamol,1822,0.686059275521405,0.7342514664626371
kpneumoniae,Cefepime,Cotrimoxazole,2862,0.8682739343116702,0.9994899260392757
kpneumoniae,Cefepime,Ceftazidime,2856,0.9681372549019608,0.9977046671767407
kpneumoniae,Cefepime,Amikacin,2856,0.9002100840336135,0.9977046671767407
kpneumoniae,Cefepime,Levofloxacin,2856,0.8830532212885154,0.9979597041571028
kpneumoniae,Cefepime,Imipenem,2856,0.8774509803921569,0.9969395562356542
kpneumoniae,Cefepime,Tobramycin,2856,0.9278711484593838,0.9979597041571028
kpneumoniae,Cefepime,Ceftriaxone,2864,0.9720670391061452,1.0
kpneumoniae,Cefepime,Colistin,2851,0.8681164503682919,0.9954093343534812
kpneumoniae,Cefepime,Amoxicillin-Clavulanic acid,2852,0.8976157082748948,0.9969395562356542
kpneumoniae,Cefepime,Ampicillin-Amoxicillin,2856,0.13550420168067226,0.9979597041571028
kpneumoniae,Cefepime,Ertapenem,2864,0.8809357541899442,0.9989798520785514
kpneumoniae,Cefepime,Cefpodoxime,1826,0.968236582694414,0.7352716143840857
kpneumoniae,Cefepime,Norfloxacin,1821,0.9099395936298736,0.733996429482275
kpneumoniae,Cefepime,Fosfomycin-Trometamol,1822,0.7113062568605928,0.7342514664626371
kpneumoniae,Cotrimoxazole,Ceftazidime,2856,0.8606442577030813,0.9982147411374649
kpneumoniae,Cotrimoxazole,Amikacin,2856,0.8277310924369747,0.9982147411374649
kpneumoniae,Cotrimoxazole,Levofloxacin,2856,0.8721988795518207,0.9984697781178271
kpneumoniae,Cotrimoxazole,Imipenem,2856,0.7909663865546218,0.9974496301963784
kpneumoniae,Cotrimoxazole,Tobramycin,2856,0.8616946778711485,0.9984697781178271
kpneumoniae,Cotrimoxazole,Ceftriaxone,2862,0.86617749825297,0.9994899260392757
kpneumoniae,Cotrimoxazole,Colistin,2851,0.7877937565766397,0.9959194083142056
kpneumoniae,Cotrimoxazole,Amoxicillin-Clavulanic acid,2850,0.8326315789473684,0.9964294822749299
kpneumoniae,Cotrimoxazole,Ampicillin-Amoxicillin,2856,0.21498599439775912,0.9984697781178271
kpneumoniae,Cotrimoxazole,Ertapenem,2862,0.7917540181691125,0.9984697781178271
kpneumoniae,Cotrimoxazole,Cefpodoxime,1826,0.8625410733844469,0.73578168834481
kpneumoniae,Cotrimoxazole,Norfloxacin,1821,0.8720483250961011,0.7345065034429993
kpneumoniae,Cotrimoxazole,Fosfomycin-Trometamol,1822,0.6514818880351262,0.7347615404233614
kpneumoniae,Ceftazidime,Amikacin,2856,0.8823529411764706,0.9994899260392757
kpneumoniae,Ceftazidime,Levofloxacin,2856,0.8799019607843137,0.9997449630196379
kpneumoniae,Ceftazidime,Imipenem,2857,0.8596429821491075,0.9992348890589136
kpneumoniae,Ceftazidime,Tobramycin,2856,0.9065126050420168,0.9997449630196379
kpneumoniae,Ceftazidime,Ceftriaxone,2856,0.9716386554621849,0.9977046671767407
kpneumoniae,Ceftazidime,Colistin,2852,0.844319775596073,0.9977046671767407
kpneumoniae,Ceftazidime,Amoxicillin-Clavulanic acid,2844,0.9047116736990155,0.9946442234123948
kpneumoniae,Ceftazidime,Ampicillin-Amoxicillin,2856,0.15896358543417366,0.9997449630196379
kpneumoniae,Ceftazidime,Ertapenem,2856,0.8683473389355743,0.996684519255292
kpneumoniae,Ceftazidime,Cefpodoxime,1826,0.9720700985761227,0.7370568732466207
kpneumoniae,Ceftazidime,Norfloxacin,1821,0.9071938495332235,0.73578168834481
kpneumoniae,Ceftazidime,Fosfomycin-Trometamol,1822,0.7052689352360044,0.7360367253251722
kpneumoniae,Amikacin,Levofloxacin,2856,0.8483893557422969,0.9997449630196379
kpneumoniae,Amikacin,Imipenem,2856,0.9387254901960784,0.9987248150981892
kpneumoniae,Amikacin,Tobramycin,2856,0.9394257703081232,0.9997449630196379
kpneumoniae,Amikacin,Ceftriaxone,2856,0.8799019607843137,0.9977046671767407
kpneumoniae,Amikacin,Colistin,2851,0.9435285864608909,0.9971945932160163
kpneumoniae,Amikacin,Amoxicillin-Clavulanic acid,2844,0.8484528832630098,0.9946442234123948
kpneumoniae,Amikacin,Ampicillin-Amoxicillin,2856,0.0546218487394958,0.9997449630196379
kpneumoniae,Amikacin,Ertapenem,2856,0.9334733893557423,0.996684519255292
kpneumoniae,Amikacin,Cefpodoxime,1826,0.9008762322015335,0.7370568732466207
kpneumoniae,Amikacin,Norfloxacin,1821,0.8643602416254805,0.73578168834481
kpneumoniae,Amikacin,Fosfomycin-Trometamol,1822,0.7228320526893524,0.7360367253251722
kpneumoniae,Levofloxacin,Imipenem,2856,0.8186274509803921,0.9989798520785514
kpneumoniae,Levofloxacin,Tobramycin,2856,0.8921568627450981,1.0
kpneumoniae,Levofloxacin,Ceftriaxone,2856,0.8886554621848739,0.9979597041571028
kpneumoniae,Levofloxacin,Colistin,2851,0.8155033321641529,0.9974496301963784
kpneumoniae,Levofloxacin,Amoxicillin-Clavulanic acid,2844,0.8575949367088608,0.994899260392757
kpneumoniae,Levofloxacin,Ampicillin-Amoxicillin,2856,0.1873249299719888,1.0
kpneumoniae,Levofloxacin,Ertapenem,2856,0.8196778711484594,0.9969395562356542
kpneumoniae,Levofloxacin,Cefpodoxime,1826,0.8964950711938664,0.737311910226983
kpneumoniae,Levofloxacin,Norfloxacin,1821,1.0,0.7360367253251722
kpneumoniae,Levofloxacin,Fosfomycin-Trometamol,1822,0.686059275521405,0.7362917623055343
kpneumoniae,Imipenem,Tobramycin,2856,0.8809523809523809,0.9989798520785514
kpneumoniae,Imipenem,Ceftriaxone,2856,0.8571428571428571,0.9969395562356542
kpneumoniae,Imipenem,Colistin,2853,0.9789695057833859,0.9974496301963784
kpneumoniae,Imipenem,Amoxicillin-Clavulanic acid,2844,0.8248945147679325,0.9938791124713083
kpneumoniae,Imipenem,Ampicillin-Amoxicillin,2856,0.018557422969187675,0.9989798520785514
kpneumoniae,Imipenem,Ertapenem,2858,0.9870538838348496,0.9969395562356542
kpneumoniae,Imipenem,Cefpodoxime,1826,0.8767798466593647,0.7362917623055343
kpneumoniae,Imipenem,Norfloxacin,1821,0.8456891817682592,0.7350165774037235
kpneumoniae,Imipenem,Fosfomycin-Trometamol,1822,0.7414928649835346,0.7352716143840857
kpneumoniae,Tobramycin,Ceftriaxone,2856,0.9138655462184874,0.9979597041571028
kpneumoniae,Tobramycin,Colistin,2851,0.8853034023149772,0.9974496301963784
kpneumoniae,Tobramycin,Amoxicillin-Clavulanic acid,2844,0.8804500703234881,0.994899260392757
kpneumoniae,Tobramycin,Ampicillin-Amoxicillin,2856,0.11519607843137254,1.0
kpneumoniae,Tobramycin,Ertapenem,2856,0.8764005602240896,0.9969395562356542
kpneumoniae,Tobramycin,Cefpodoxime,1826,0.9353778751369113,0.737311910226983
kpneumoniae,Tobramycin,Norfloxacin,1821,0.9055464030752334,0.7360367253251722
kpneumoniae,Tobramycin,Fosfomycin-Trometamol,1822,0.7156970362239298,0.7362917623055343
kpneumoniae,Ceftriaxone,Colistin,2851,0.8449666783584707,0.9954093343534812
kpneumoniae,Ceftriaxone,Amoxicillin-Clavulanic acid,2852,0.8948106591865358,0.9969395562356542
kpneumoniae,Ceftriaxone,Ampicillin-Amoxicillin,2856,0.15861344537815125,0.9979597041571028
kpneumoniae,Ceftriaxone,Ertapenem,2864,0.8641759776536313,0.9989798520785514
kpneumoniae,Ceftriaxone,Cefpodoxime,1826,0.9819277108433735,0.7352716143840857
kpneumoniae,Ceftriaxone,Norfloxacin,1821,0.9088412959912137,0.733996429482275
kpneumoniae,Ceftriaxone,Fosfomycin-Trometamol,1822,0.70801317233809,0.7342514664626371
kpneumoniae,Colistin,Amoxicillin-Clavulanic acid,2839,0.8115533638605142,0.9923488905891354
kpneumoniae,Colistin,Ampicillin-Amoxicillin,2851,0.004559803577692038,0.9974496301963784
kpneumoniae,Colistin,Ertapenem,2851,0.9673798667134339,0.9943891864320327
kpneumoniae,Colistin,Cefpodoxime,1823,0.8738343390016456,0.73578168834481
kpneumoniae,Colistin,Norfloxacin,1818,0.8437843784378438,0.7345065034429993
kpneumoniae,Colistin,Fosfomycin-Trometamol,1819,0.7416162726772952,0.7347615404233614
kpneumoniae,Amoxicillin-Clavulanic acid,Ampicillin-Amoxicillin,2844,0.1930379746835443,0.994899260392757
kpneumoniae,Amoxicillin-Clavulanic acid,Ertapenem,2852,0.8369565217391305,0.9959194083142056
kpneumoniae,Amoxicillin-Clavulanic acid,Cefpodoxime,1818,0.916941694169417,0.7342514664626371
kpneumoniae,Amoxicillin-Clavulanic acid,Norfloxacin,1813,0.8836183121897407,0.7329762815608263
kpneumoniae,Amoxicillin-Clavulanic acid,Fosfomycin-Trometamol,1814,0.6697905181918412,0.7332313185411885
kpneumoniae,Ampicillin-Amoxicillin,Ertapenem,2856,0.03081232492997199,0.9969395562356542
kpneumoniae,Ampicillin-Amoxicillin,Cefpodoxime,1826,0.12924424972617743,0.737311910226983
kpneumoniae,Ampicillin-Amoxicillin,Norfloxacin,1821,0.16035145524437122,0.7360367253251722
kpneumoniae,Ampicillin-Amoxicillin,Fosfomycin-Trometamol,1822,0.2601536772777168,0.7362917623055343
kpneumoniae,Ertapenem,Cefpodoxime,1826,0.8855421686746988,0.7342514664626371
kpneumoniae,Ertapenem,Norfloxacin,1821,0.8484349258649094,0.7329762815608263
kpneumoniae,Ertapenem,Fosfomycin-Trometamol,1822,0.7409440175631175,0.7332313185411885
kpneumoniae,Cefpodoxime,Norfloxacin,1820,0.8967032967032967,0.9982147411374649
kpneumoniae,Cefpodoxime,Fosfomycin-Trometamol,1821,0.700713893465129,0.9984697781178271
kpneumoniae,Norfloxacin,Fosfomycin-Trometamol,1821,0.686436024162548,0.9997449630196379
paeruginosa,Piperacillin-Tazobactam,Meropenem,3256,0.8181818181818182,0.9969084913437758
paeruginosa,Piperacillin-Tazobactam,Ciprofloxacin,3255,0.7456221198156682,0.9964962901896125
paeruginosa,Piperacillin-Tazobactam,Cefepime,3158,0.8533882203926536,0.9777411376751854
paeruginosa,Piperacillin-Tazobactam,Ceftazidime,2546,0.9214454045561665,0.8518136850783182
paeruginosa,Piperacillin-Tazobactam,Amikacin,2447,0.8062934205149163,0.8318219291014015
paeruginosa,Piperacillin-Tazobactam,Levofloxacin,2444,0.7974631751227496,0.8314097279472382
paeruginosa,Piperacillin-Tazobactam,Imipenem,2447,0.8308132407029015,0.8305853256389117
paeruginosa,Piperacillin-Tazobactam,Tobramycin,3254,0.791641057160418,0.9977328936521023
paeruginosa,Piperacillin-Tazobactam,Colistin,3254,0.7839582052858021,0.997320692497939
paeruginosa,Piperacillin-Tazobactam,Aztreonam,774,0.6046511627906976,0.4870156636438582
paeruginosa,Meropenem,Ciprofloxacin,3260,0.7883435582822086,0.9971145919208574
paeruginosa,Meropenem,Cefepime,3163,0.8226367372747392,0.9783594394064303
paeruginosa,Meropenem,Ceftazidime,2549,0.8630835621812476,0.8516075845012366
paeruginosa,Meropenem,Amikacin,2449,0.8272764393630053,0.8312036273701566
paeruginosa,Meropenem,Levofloxacin,2446,0.8246116107931316,0.8307914262159934
paeruginosa,Meropenem,Imipenem,2456,0.9666123778501629,0.8328524319868096
paeruginosa,Meropenem,Tobramycin,3258,0.8118477593615715,0.9979389942291839
paeruginosa,Meropenem,Colistin,3258,0.8158379373848987,0.9975267930750206
paeruginosa,Meropenem,Aztreonam,777,0.574002574002574,0.4868095630667766
paeruginosa,Ciprofloxacin,Cefepime,3162,0.7805186590765338,0.9779472382522671
paeruginosa,Ciprofloxacin,Ceftazidime,2548,0.8057299843014128,0.8511953833470733
paeruginosa,Ciprofloxacin,Amikacin,2449,0.8276847692935893,0.8312036273701566
paeruginosa,Ciprofloxacin,Levofloxacin,2446,0.9979558462796402,0.8307914262159934
paeruginosa,Ciprofloxacin,Imipenem,2451,0.828641370869033,0.8307914262159934
paeruginosa,Ciprofloxacin,Tobramycin,3256,0.792997542997543,0.9971145919208574
paeruginosa,Ciprofloxacin,Colistin,3256,0.76504914004914,0.9967023907666942
paeruginosa,Ciprofloxacin,Aztreonam,774,0.562015503875969,0.48557295960428687
paeruginosa,Cefepime,Ceftazidime,2451,0.9212566299469604,0.8324402308326463
paeruginosa,Cefepime,Amikacin,2437,0.8773081657775954,0.8474855729596042
paeruginosa,Cefepime,Levofloxacin,2433,0.833127825729552,0.8466611706512778
paeruginosa,Cefepime,Imipenem,2439,0.8544485444854448,0.8470733718054411
paeruginosa,Cefepime,Tobramycin,3159,0.8243114909781576,0.9783594394064303
paeruginosa,Cefepime,Colistin,3158,0.8049398353388221,0.9775350370981039
paeruginosa,Cefepime,Aztreonam,689,0.6386066763425254,0.4717642209398186
paeruginosa,Ceftazidime,Amikacin,2447,0.8475684511646915,0.9779472382522671
paeruginosa,Ceftazidime,Levofloxacin,2444,0.8142389525368249,0.9775350370981039
paeruginosa,Ceftazidime,Imipenem,2448,0.8353758169934641,0.9771228359439407
paeruginosa,Ceftazidime,Tobramycin,2544,0.8765723270440252,0.8511953833470733
paeruginosa,Ceftazidime,Colistin,2544,0.872248427672956,0.8507831821929102
paeruginosa,Ceftazidime,Aztreonam,167,0.46107784431137727,0.3829348722176422
paeruginosa,Amikacin,Levofloxacin,2441,0.8299877099549365,0.9971145919208574
paeruginosa,Amikacin,Imipenem,2437,0.811653672548215,0.9934047815333883
paeruginosa,Amikacin,Tobramycin,2449,0.9240506329113924,0.8328524319868096
paeruginosa,Amikacin,Colistin,2448,0.9048202614379085,0.8320280296784831
paeruginosa,Amikacin,Aztreonam,69,0.5797101449275363,0.3633553173948887
paeruginosa,Levofloxacin,Imipenem,2441,0.8312167144612863,0.9958779884583677
paeruginosa,Levofloxacin,Tobramycin,2445,0.8584867075664622,0.8320280296784831
paeruginosa,Levofloxacin,Colistin,2445,0.8319018404907975,0.8316158285243199
paeruginosa,Levofloxacin,Aztreonam,69,0.6956521739130435,0.36417971970321517
paeruginosa,Imipenem,Tobramycin,2447,0.8406211687780957,0.8307914262159934
paeruginosa,Imipenem,Colistin,2447,0.8365345320800981,0.8303792250618302
paeruginosa,Imipenem,Aztreonam,76,0.7894736842105263,0.36500412201154164
paeruginosa,Tobramycin,Colistin,3257,0.9112680380718453,0.9987633965375103
paeruginosa,Tobramycin,Aztreonam,774,0.43023255813953487,0.4872217642209398
paeruginosa,Colistin,Aztreonam,774,0.3152454780361757,0.4868095630667766
